Frontier,SolutionIndex,Fire Hazard Increase,Northern Spotted Owl Habitat (ha),Peak Sediment Delivery (t)
Ensemble_rcp85,0,15717.023006650406,2479.3071950434055,0.0
Ensemble_rcp85,1,13834.599199366798,2431.027735539192,72.72844304360535
Ensemble_rcp85,2,13831.398746680074,2460.399402140342,82.78300589188336
Ensemble_rcp85,3,13835.503159990467,2461.724997041292,82.78300589188336
Ensemble_rcp85,4,13839.497326187746,2440.6413123681523,72.72844304360535
Ensemble_rcp85,5,13839.676601282217,2442.204017527842,72.72844304360535
Ensemble_rcp85,6,13832.834515754046,2447.897525250741,81.99142168541536
Ensemble_rcp85,7,13799.760191758118,2429.0808915064995,82.78300589188336
Ensemble_rcp85,8,13839.101120254707,2445.091482409951,73.52002725007335
Ensemble_rcp85,9,13840.545595640779,2407.4161662261663,68.11802952260335
Ensemble_rcp85,10,13844.076280655303,2428.139435478552,68.11802952260335
Ensemble_rcp85,11,13844.315079703994,2429.702140638242,68.11802952260335
Ensemble_rcp85,12,13843.280658422429,2443.5296124287925,72.72844304360535
Ensemble_rcp85,13,13803.570512161448,2430.265863435122,82.78300589188336
Ensemble_rcp85,14,13841.759072356917,2446.6348927801623,73.52002725007335
Ensemble_rcp85,15,15495.081943132109,2476.1220762697926,0.0001304716424399971
Ensemble_rcp85,16,13841.414618171682,2465.42229109472,82.78300589188336
Ensemble_rcp85,17,13853.84417632706,2465.42229109472,81.99142168541536
Ensemble_rcp85,18,13846.62185543144,2468.9672928303303,82.78300589188336
Ensemble_rcp85,19,13853.95512760116,2470.0174449080205,82.64902045219137
Ensemble_rcp85,20,13845.945200888813,2431.027735539192,68.11802952260335
Ensemble_rcp85,21,13806.726690370167,2442.204017527842,82.78300589188336
Ensemble_rcp85,22,13841.99410506001,2447.897525250742,73.52002725007335
Ensemble_rcp85,23,15226.950029731554,2466.20798723634,0.00527707352107
Ensemble_rcp85,24,13851.38478080619,2460.9631249372223,73.52002725007335
Ensemble_rcp85,25,13853.179881543649,2447.897525250742,72.72844304360535
Ensemble_rcp85,26,13806.305512630608,2407.6878136790415,81.99142168541536
Ensemble_rcp85,27,13815.151996793797,2406.1251085193517,73.52002725007335
Ensemble_rcp85,28,13815.331271888268,2407.6878136790415,73.52002725007335
Ensemble_rcp85,29,15314.800720277648,2481.011723301426,0.00527707352107
Ensemble_rcp85,30,13845.600386436508,2445.0124322225724,72.72844304360535
Ensemble_rcp85,31,13885.475556237798,2467.34483227274,68.11802952260335
Ensemble_rcp85,32,13888.872277098733,2465.42229109472,65.66769499471337
Ensemble_rcp85,33,13887.992696528223,2470.852815157776,72.59445760391334
Ensemble_rcp85,34,13888.634960876125,2473.443414383246,73.38604181038136
Ensemble_rcp85,35,13890.085415203797,2468.39498435043,67.98404408291135
Ensemble_rcp85,36,13890.340897822733,2467.3448322727404,65.66769499471337
Ensemble_rcp85,37,13888.12914903025,2476.1123783827056,82.64902045219137
Ensemble_rcp85,38,13892.01456611113,2472.1178194822955,72.59445760391336
Ensemble_rcp85,39,13896.491946574264,2469.4452068470155,68.11802952260335
Ensemble_rcp85,40,13841.002061894253,2465.4222910947196,82.78300589188336
Ensemble_rcp85,41,13888.54941571327,2446.8411593439705,64.87611078824537
Ensemble_rcp85,42,13894.349141096902,2468.6098365972603,65.66769499471337
Ensemble_rcp85,43,13884.744396252969,2443.5296124287925,60.26569726724337
Ensemble_rcp85,44,13886.413680470841,2445.0124322225724,61.10860761077237
Ensemble_rcp85,45,13886.821448634035,2445.012432222571,60.26569726724337
Ensemble_rcp85,46,15238.858671685388,2469.6599886749505,0.00527707352107
Ensemble_rcp85,47,13896.12128710569,2450.3425501815113,64.87611078824537
Ensemble_rcp85,48,13841.452571387113,2467.3448322727395,82.78300589188336
Ensemble_rcp85,49,13850.930636487406,2440.6413123681523,68.11802952260335
Ensemble_rcp85,50,13851.05790105131,2442.204017527841,68.11802952260335
Ensemble_rcp85,51,13847.960522195832,2429.7021406382423,65.66769499471337
Ensemble_rcp85,52,13849.867561986355,2431.0277355391913,65.66769499471336
Ensemble_rcp85,53,13853.013003345402,2432.144639967699,65.66769499471337
Ensemble_rcp85,54,13852.876965760925,2446.634892780162,72.72844304360535
Ensemble_rcp85,55,13854.814150445793,2440.6413123681523,65.66769499471337
Ensemble_rcp85,56,15250.100471895557,2472.018586397992,0.00527707352107
Ensemble_rcp85,57,13845.330599622568,2468.39498435043,82.64902045219137
Ensemble_rcp85,58,13846.500889196168,2463.207816835071,81.99142168541536
Ensemble_rcp85,59,13853.037428557858,2443.5296124287925,68.11802952260335
Ensemble_rcp85,60,13855.18930020982,2442.204017527841,65.66769499471337
Ensemble_rcp85,61,13848.779292584997,2469.8026630800846,82.78300589188336
Ensemble_rcp85,62,13853.042054604253,2464.4071322307996,81.99142168541536
Ensemble_rcp85,63,13853.415693146246,2465.4222910947196,81.99142168541536
Ensemble_rcp85,64,13854.034467289248,2467.3448322727404,81.99142168541536
Ensemble_rcp85,65,13856.83356805007,2462.0218626979326,73.52002725007335
Ensemble_rcp85,66,13857.966493715718,2443.5296124287916,65.66769499471337
Ensemble_rcp85,67,15248.474536704418,2473.0773241587026,0.008510072433409996
Ensemble_rcp85,68,13840.730530550469,2458.836696980652,81.99142168541536
Ensemble_rcp85,69,13858.369475603977,2445.0124322225724,68.11802952260335
Ensemble_rcp85,70,13860.70424189077,2445.0124322225724,65.66769499471337
Ensemble_rcp85,71,13858.650325327715,2463.3474575988816,73.52002725007335
Ensemble_rcp85,72,13862.721975446679,2446.6348927801623,68.11802952260335
Ensemble_rcp85,73,13865.736018264499,2446.6348927801623,65.66769499471337
Ensemble_rcp85,74,15176.44051414694,2407.0796982257516,0.008510072433409996
Ensemble_rcp85,75,13853.586193915611,2449.223120151691,72.72844304360535
Ensemble_rcp85,76,13841.31926211681,2460.399402140342,81.99142168541536
Ensemble_rcp85,77,13861.032845780857,2460.3994021403423,72.72844304360535
Ensemble_rcp85,78,13862.864768362677,2462.2887198381723,72.72844304360535
Ensemble_rcp85,79,13854.788787177546,2470.836514590079,82.78300589188336
Ensemble_rcp85,80,13866.680605737098,2428.53334521073,65.07448784651336
Ensemble_rcp85,81,13866.80316467917,2429.702140638241,65.07448784651336
Ensemble_rcp85,82,13858.558350423486,2468.39498435043,81.85743624572336
Ensemble_rcp85,83,13861.30570150369,2472.1178194822955,82.64902045219137
Ensemble_rcp85,84,15176.17370019766,2420.7534133655217,0.04550081710437
Ensemble_rcp85,85,13862.372274616799,2467.3448322727404,73.52002725007335
Ensemble_rcp85,86,13867.594290013465,2463.9111803957835,72.72844304360535
Ensemble_rcp85,87,13842.423848871758,2461.7249970412913,81.99142168541536
Ensemble_rcp85,88,13871.61790979665,2451.9052553412002,68.11802952260335
Ensemble_rcp85,89,13873.051490838916,2452.9204142051203,68.11802952260335
Ensemble_rcp85,90,13866.939952752857,2470.0174449080205,81.85743624572336
Ensemble_rcp85,91,13868.48232489321,2468.9672928303303,73.52002725007335
Ensemble_rcp85,92,13873.331992953817,2465.42229109472,72.72844304360535
Ensemble_rcp85,93,15250.807700453717,2474.4772658932407,0.00527707352107
Ensemble_rcp85,94,13867.8928699556,2471.1282579810354,81.99142168541536
Ensemble_rcp85,95,13873.950767096821,2467.3448322727404,72.72844304360535
Ensemble_rcp85,96,13870.919086185226,2406.1251085193517,61.10860761077237
Ensemble_rcp85,97,13843.115377166474,2449.2231201516915,73.52002725007335
Ensemble_rcp85,98,13868.920895750693,2431.027735539191,64.87611078824537
Ensemble_rcp85,99,13871.151423079848,2407.6878136790415,61.10860761077237
Ensemble_rcp85,100,13873.13095058638,2409.013408579991,61.10860761077237
Ensemble_rcp85,101,13871.282079225975,2470.01744490802,73.38604181038136
Ensemble_rcp85,102,13878.47465023106,2468.3949843504306,72.59445760391336
Ensemble_rcp85,103,13877.021431068973,2471.0676674046053,73.52002725007335
Ensemble_rcp85,104,13871.671609032353,2404.9532702691813,60.26569726724337
Ensemble_rcp85,105,13871.062029663328,2432.5105553329718,64.87611078824537
Ensemble_rcp85,106,13847.254985728268,2452.9204142051203,73.52002725007335
Ensemble_rcp85,107,13871.672396237196,2406.1251085193517,60.26569726724337
Ensemble_rcp85,108,13871.930839538183,2407.687813679041,60.26569726724337
Ensemble_rcp85,109,13872.720603900338,2439.4694741179824,65.07448784651336
Ensemble_rcp85,110,13872.53207800844,2440.641312368152,65.07448784651685
Ensemble_rcp85,111,13873.116885302325,2442.204017527842,65.07448784651336
Ensemble_rcp85,112,13874.907276543414,2426.9675972283812,63.83648316982236
Ensemble_rcp85,113,13874.559917124281,2451.409303506162,65.66769499471337
Ensemble_rcp85,114,13876.075289132768,2426.967597228382,61.10860761077237
Ensemble_rcp85,115,13875.612314448917,2429.702140638241,64.22195813468136
Ensemble_rcp85,116,13849.032122306577,2460.3994021403423,73.52002725007335
Ensemble_rcp85,117,13875.189183458135,2428.139435478552,61.49408257563137
Ensemble_rcp85,118,13875.657284288965,2429.702140638242,61.49408257563137
Ensemble_rcp85,119,13875.62149342143,2460.3994021403423,65.66769499471337
Ensemble_rcp85,120,15176.191235365253,2442.767740324722,0.06324888762417
Ensemble_rcp85,121,13876.797868753278,2428.139435478552,60.26569726724337
Ensemble_rcp85,122,13876.77220446144,2443.5296124287925,64.87611078824537
Ensemble_rcp85,123,13877.66622991772,2461.724997041291,65.66769499471337
Ensemble_rcp85,124,13878.49311774743,2445.5761550194525,64.87611078824537
Ensemble_rcp85,125,13841.2916105,2443.5296124287916,72.72844304360535
Ensemble_rcp85,126,13882.262538464258,2440.6413123681523,60.26569726724337
Ensemble_rcp85,127,13865.471719750598,2473.4434143832445,82.64902045219137
Ensemble_rcp85,128,13872.887012218709,2472.178410058725,81.85743624572336
Ensemble_rcp85,129,15251.005502417644,2477.0718830591127,0.06324888762417
Ensemble_rcp85,130,13882.557971863527,2442.204017527842,62.99357282629336
Ensemble_rcp85,131,13884.09899299978,2472.3932623055553,73.52002725007335
Ensemble_rcp85,132,13881.55620329299,2469.8026630800855,72.72844304360535
Ensemble_rcp85,133,13878.640830306997,2473.4434143832455,81.85743624572336
Ensemble_rcp85,134,13876.881193883706,2474.4772658932397,82.64902045219137
Ensemble_rcp85,135,13922.139410641135,2439.4694741179824,59.474113060775366
Ensemble_rcp85,136,13902.472712617773,2464.407132230801,64.87611078824537
Ensemble_rcp85,137,15215.526194889044,2481.0117233014257,0.12913335790607
Ensemble_rcp85,138,13906.859568503003,2465.42229109472,64.87611078824537
Ensemble_rcp85,139,13908.551039552636,2450.18587079526,60.26569726724337
Ensemble_rcp85,140,13908.663921566076,2451.35770904543,60.26569726724337
Ensemble_rcp85,141,13910.057595832288,2452.9204142051203,61.10860761077237
Ensemble_rcp85,142,13910.969757764136,2442.767740324722,59.51433680435866
Ensemble_rcp85,143,13896.696592256174,2451.905255341201,64.87611078824537
Ensemble_rcp85,144,13898.81559951955,2452.9204142051203,64.87611078824537
Ensemble_rcp85,145,13896.878577575912,2470.486724933233,67.98404408291135
Ensemble_rcp85,146,13897.886641961863,2469.802663080086,65.66769499471337
Ensemble_rcp85,147,13904.82854567013,2471.1282579810354,65.66769499471337
Ensemble_rcp85,148,15151.16965559314,2473.077324158702,0.12913335790607
Ensemble_rcp85,149,13899.408900141116,2454.842955383141,64.87611078824537
Ensemble_rcp85,150,13901.868727428022,2462.844427071111,64.87611078824537
Ensemble_rcp85,151,15099.899136902959,2440.0331969148615,0.12913335790607003
Ensemble_rcp85,152,15408.508595758842,2465.394000189541,0.0001568517036599909
Ensemble_rcp85,153,15163.648161350695,2474.47726589324,0.16935710148937
Ensemble_rcp85,154,15100.679143678311,2442.7677403247217,0.12913335790607
Ensemble_rcp85,155,15077.251720490414,2479.307195043405,0.17409035040300003
Ensemble_rcp85,156,15095.047540624342,2481.0117233014253,0.17409035040300003
Ensemble_rcp85,157,14993.721596277665,2465.8171203268203,0.17409035040299997
Ensemble_rcp85,158,15409.427259784969,2466.9346397267723,4.973966874299981e-05
Ensemble_rcp85,159,15025.816110047743,2475.1238667493612,0.17409035040299997
Ensemble_rcp85,160,15027.157967788664,2476.181794151261,0.17942365067615
Ensemble_rcp85,161,15036.41396462509,2481.0117233024257,0.18038085985404
Ensemble_rcp85,162,14974.755241609708,2468.845606657851,0.17942365067614996
Ensemble_rcp85,163,14975.531791101845,2470.0174449080205,0.17942365067614996
Ensemble_rcp85,164,14969.34298185379,2471.343039808971,0.18038085985403998
Ensemble_rcp85,165,14974.694625435091,2472.6080441334907,0.18038085985403998
Ensemble_rcp85,166,14918.619311398112,2430.265863435122,0.18038085985403995
Ensemble_rcp85,167,14919.081294463682,2440.033196914863,0.18038085985404
Ensemble_rcp85,168,14974.946915445571,2473.641046955582,0.18038085985403998
Ensemble_rcp85,169,14918.631113316516,2446.841159343972,0.18571416012719
Ensemble_rcp85,170,14916.656605552622,2462.2887198381713,0.18710517200916998
Ensemble_rcp85,171,14975.533886688798,2475.312636142995,0.18710517200917004
Ensemble_rcp85,172,14979.45907081625,2477.437973283656,0.18710517200916998
Ensemble_rcp85,173,15495.132646224632,2479.909523309423,0.00012936557126999593
Ensemble_rcp85,174,14986.343110027834,2478.4718247936503,0.18710517200917
Ensemble_rcp85,175,14983.164855949864,2479.6861284004763,0.21682586027733997
Ensemble_rcp85,176,14915.215876886787,2463.3949786779417,0.22215916055048995
Ensemble_rcp85,177,15407.664516470993,2473.1516709922903,0.00020173720034299958
Ensemble_rcp85,178,14923.105038135096,2472.6080441334902,0.21682586027733997
Ensemble_rcp85,179,14976.700294726643,2481.0117233014257,0.22215916055049004
Ensemble_rcp85,180,14863.852283645509,2442.7677403247217,0.22215916055048995
Ensemble_rcp85,181,14917.048178146151,2473.641046955581,0.22215916055049234
Ensemble_rcp85,182,14864.32332988914,2444.093335225671,0.22215916055048995
Ensemble_rcp85,183,14924.86667477063,2475.123866749361,0.22215916055048995
Ensemble_rcp85,184,14925.04197777826,2476.172968959136,0.24369655748937
Ensemble_rcp85,185,15595.093409573708,2481.0117233014257,5.91345086929998e-05
Ensemble_rcp85,186,14861.503824085032,2445.5761550194516,0.22732891559246998
Ensemble_rcp85,187,14920.658844669593,2477.4379732836546,0.26144462800916995
Ensemble_rcp85,188,15436.39612616268,2479.1184256497722,0.00020173720034299958
Ensemble_rcp85,189,14866.776925937644,2465.457284308491,0.26144462800917
Ensemble_rcp85,190,14858.2600301887,2466.6590045140606,0.36814482600917
Ensemble_rcp85,191,14866.552891756115,2468.394984350431,0.31017301190607
Ensemble_rcp85,192,14865.522457135678,2470.017444908021,0.35039675548937
Ensemble_rcp85,193,14926.460515708257,2478.4718247936507,0.31017301190606994
Ensemble_rcp85,194,14865.346499915244,2472.117819482296,0.36814482600917
Ensemble_rcp85,195,14808.201624909354,2405.5169930660613,0.38451246790607
Ensemble_rcp85,196,14808.220442390531,2408.251536475921,0.40836856959247
Ensemble_rcp85,197,15519.584421992133,2481.0117233014257,0.00012936557126999593
Ensemble_rcp85,198,15461.896121066864,2481.011723301426,0.00020173720034299958
Ensemble_rcp85,199,13793.8222084929,0.0,83.0
Ensemble_rcp85,200,13793.974305073152,2371.4620381650416,82.78300589188336
Ensemble_rcp85,201,13794.106666620455,2407.6878136790415,82.78300589188336
Ensemble_rcp85,202,13818.731691779178,2429.702140638242,73.52002725007335
Ensemble_rcp85,203,13810.568308996377,2443.5296124287925,82.78300589088337
Ensemble_rcp85,204,13811.919740101795,2431.027735539192,81.99142168541536
Ensemble_rcp85,205,15301.14018592929,2479.307195043406,0.00527707352107
Ensemble_rcp85,206,13818.337506914495,2442.204017527842,81.99142168541536
Ensemble_rcp85,207,13820.560061288992,2431.0277355391913,73.52002725007335
Ensemble_rcp85,208,13822.049615533857,2443.5296124287925,81.99142168541536
Ensemble_rcp85,209,13826.212841250095,2432.650196096782,73.52002725007335
Ensemble_rcp85,210,13827.095967991741,2440.641312368152,73.52002725007338
Ensemble_rcp85,211,13827.137735415625,2442.204017527842,73.52002725007335
Ensemble_rcp85,212,13831.692141089881,2443.8264780854324,73.52002725007335
Ensemble_rcp85,213,13916.955895841033,2404.9532702691813,57.716158246523364
Ensemble_rcp85,214,13917.068777854476,2406.1251085193517,57.716158246523364
Ensemble_rcp85,215,13925.704143882504,2431.5914583360714,57.716158246523364
Ensemble_rcp85,216,13928.44717319997,2438.6341038682262,57.716158246523364
Ensemble_rcp85,217,13928.862755960652,2439.805942118396,57.716158246523364
Ensemble_rcp85,218,13920.166545277494,2404.9532702691818,56.85018175391336
Ensemble_rcp85,219,13920.37130698449,2406.1251085193517,57.04855881218137
Ensemble_rcp85,220,13920.695122720423,2407.6878136790415,57.04855881218137
Ensemble_rcp85,221,13928.967395263742,2441.368647278086,57.716158246523364
Ensemble_rcp85,222,13929.677776788301,2442.767740324721,57.716158246523364
Ensemble_rcp85,223,13923.587554429665,2472.1178194822965,64.74212534855337
Ensemble_rcp85,224,13917.930918906342,2407.6878136790415,57.716158246523364
Ensemble_rcp85,225,13927.696892423326,2470.8528151577766,60.97462217108037
Ensemble_rcp85,226,13928.399099084376,2470.8528151577766,60.13171182755137
Ensemble_rcp85,227,13926.025583213343,2479.6861284004767,82.64902045219137
Ensemble_rcp85,228,13931.155371506024,2442.204017527841,56.85018175391336
Ensemble_rcp85,229,13921.541537408912,2426.132226978626,57.716158246523364
Ensemble_rcp85,230,13921.65441942235,2427.304065228796,57.716158246523364
Ensemble_rcp85,231,13922.587962675401,2428.8667703884857,57.716158246523364
Ensemble_rcp85,232,13900.797070171502,2478.4718247936503,82.64902045219137
Ensemble_rcp85,233,13913.249712703793,2478.471824793651,81.85743624572336
Ensemble_rcp85,234,13920.963769567808,2478.4718247936507,73.38604181038136
Ensemble_rcp85,235,13923.008308891702,2430.2658634351214,57.716158246523364
Ensemble_rcp85,236,13931.620176277793,2481.0117233014257,82.64902045219137
Ensemble_rcp85,237,13939.75376827394,2426.9675972283812,56.25697460571337
Ensemble_rcp85,238,13996.266988289179,2451.357709045431,54.10226567492536
Ensemble_rcp85,239,13996.430471603291,2452.920414205121,54.10226567492536
Ensemble_rcp85,240,13996.578636207458,2457.6648587304817,54.10226567492536
Ensemble_rcp85,241,13996.730732789889,2460.3994021403414,54.10226567492536
Ensemble_rcp85,242,13996.338651003309,2467.37982548651,54.75986444170137
Ensemble_rcp85,243,13997.453869181718,2468.3949843504306,55.14533940656037
Ensemble_rcp85,244,13998.710260296428,2461.7249970412913,54.10226567492536
Ensemble_rcp85,245,14004.419434111269,2446.3348200910514,53.44154346997337
Ensemble_rcp85,246,14004.52407341436,2447.897525250741,53.44154346997337
Ensemble_rcp85,247,14001.72986334526,2463.2078168350713,54.10226567492536
Ensemble_rcp85,248,13957.61536378386,2446.3348200910514,56.25697460571337
Ensemble_rcp85,249,14006.440729041675,2449.223120151691,53.44154346997341
Ensemble_rcp85,250,13992.169067089515,2478.4718247936503,59.34012762108337
Ensemble_rcp85,251,14002.565095271455,2480.1763530516705,60.13171182755137
Ensemble_rcp85,252,14006.792616249992,2464.830277392661,54.1022656749253
Ensemble_rcp85,253,13998.482794860944,2472.6080441334902,56.31008707261236
Ensemble_rcp85,254,14005.055856410378,2470.2322971548506,54.893849881393365
Ensemble_rcp85,255,14007.608759251356,2475.55245095621,56.85018175391336
Ensemble_rcp85,256,14009.202336078606,2466.3296734088203,54.10226567492536
Ensemble_rcp85,257,14009.707676531327,2467.3448322727404,54.10226567492536
Ensemble_rcp85,258,13958.783455043269,2447.897525250741,56.05859754744536
Ensemble_rcp85,259,14012.50333111241,2451.9052553412,53.44154346997337
Ensemble_rcp85,260,14012.661101466278,2458.8366969806525,53.44154346997337
Ensemble_rcp85,261,13997.905421978312,2477.4379732836555,58.56085491989037
Ensemble_rcp85,262,14008.12627399683,2471.2824492325403,55.14533940656037
Ensemble_rcp85,263,14012.893438360888,2460.3994021403423,53.44154346997337
Ensemble_rcp85,264,14022.90020991529,2428.139435478552,28.45456117197337
Ensemble_rcp85,265,14023.0274744792,2429.702140638242,28.45456117197337
Ensemble_rcp85,266,14029.740229367138,2431.027735539192,28.45456117197337
Ensemble_rcp85,267,14005.465852298104,2473.6410469555813,56.31008707261236
Ensemble_rcp85,268,13949.643267419253,2404.9532702691818,55.279324846252365
Ensemble_rcp85,269,14011.257334137836,2472.6080441334902,55.77637211006207
Ensemble_rcp85,270,14007.218756532766,2478.4718247936503,58.56085491989037
Ensemble_rcp85,271,14010.373342674295,2476.6026030339003,57.582172806831366
Ensemble_rcp85,272,14012.39844072118,2468.39498435043,54.166657293501366
Ensemble_rcp85,273,14014.163072199444,2479.686128400476,59.34012762108337
Ensemble_rcp85,274,14015.844543877929,2445.1520729863823,37.717539813783375
Ensemble_rcp85,275,14011.682662156365,2476.6026030339003,56.716196314221364
Ensemble_rcp85,276,14013.454057087296,2472.3932623055553,54.893849881393365
Ensemble_rcp85,277,14020.559265873528,2481.0117233014257,59.34012762108337
Ensemble_rcp85,278,14019.596690810016,2473.4434143832455,54.75986444170137
Ensemble_rcp85,279,13949.684084798353,2406.1251085193517,55.092226939661366
Ensemble_rcp85,280,14019.699777193411,2446.277436547091,37.717539813783375
Ensemble_rcp85,281,14023.857009281532,2441.838102162569,36.92595560731537
Ensemble_rcp85,282,14025.074616631793,2443.529612428791,36.92595560731537
Ensemble_rcp85,283,14030.505104333919,2440.6413123681514,28.45456117197337
Ensemble_rcp85,284,14030.609743637018,2442.204017527842,28.45456117197337
Ensemble_rcp85,285,14017.10422571624,2469.4452068470155,54.10226567492536
Ensemble_rcp85,286,14018.525584382895,2477.6356058559913,56.85018175391336
Ensemble_rcp85,287,14026.1235471979,2471.0676674046053,54.10226567492536
Ensemble_rcp85,288,13949.99653214166,2407.687813679041,55.477701904520366
Ensemble_rcp85,289,14021.24745306105,2461.724997041292,53.44154346997337
Ensemble_rcp85,290,14033.59354430808,2443.5296124287925,28.45456117197337
Ensemble_rcp85,291,14022.031841078458,2474.8473740581853,55.92461210775336
Ensemble_rcp85,292,14025.012653462212,2465.42229109472,53.44154346997337
Ensemble_rcp85,293,14030.858084763207,2460.3994021403423,37.717539813783375
Ensemble_rcp85,294,13952.391545966433,2407.6878136790415,54.893849881393365
Ensemble_rcp85,295,14029.80215149965,2468.180202522496,53.44154346997337
Ensemble_rcp85,296,14029.827688576443,2479.6861284004763,58.679405416131374
Ensemble_rcp85,297,14038.919196235353,2445.576155019451,28.45456117197337
Ensemble_rcp85,298,14042.399919432608,2446.6348927801623,31.18243673102337
Ensemble_rcp85,299,14042.68516945981,2446.6348927801623,28.45456117197337
Ensemble_rcp85,300,14025.791144706114,2472.117819482296,54.166657293501366
Ensemble_rcp85,301,14019.19175095505,2479.1184256497713,58.02713995734007
Ensemble_rcp85,302,14025.84293618885,2479.1184256497713,57.383795748563365
Ensemble_rcp85,303,14032.390912030116,2473.4434143832455,54.166657293501366
Ensemble_rcp85,304,14024.692552126904,2476.1123783827056,56.12298916602137
Ensemble_rcp85,305,13952.267597494643,2409.0134085799914,55.092226939661366
Ensemble_rcp85,306,14025.883719985575,2474.47726589324,55.14533940656037
Ensemble_rcp85,307,14033.216003735382,2469.8026630800855,53.44154346997337
Ensemble_rcp85,308,14036.99081177947,2447.897525250741,36.92595560731537
Ensemble_rcp85,309,14042.131531387398,2429.7021406382414,27.861354023773377
Ensemble_rcp85,310,14027.772159166716,2479.1184256497713,56.716196314221364
Ensemble_rcp85,311,14030.859910375262,2477.4379732836555,56.12298916602137
Ensemble_rcp85,312,14034.303230314916,2480.1763530516705,58.17537995503137
Ensemble_rcp85,313,14044.155330619707,2431.027735539192,27.662976965505372
Ensemble_rcp85,314,14037.826056745636,2449.223120151692,36.92595560731537
Ensemble_rcp85,315,13953.64646499611,2428.1394354785516,55.092226939661366
Ensemble_rcp85,316,14043.292585025398,2447.897525250742,28.45456117197337
Ensemble_rcp85,317,14043.850533301864,2451.35770904543,36.92595560731537
Ensemble_rcp85,318,14043.886319026127,2452.9204142051203,36.92595560731537
Ensemble_rcp85,319,14037.717393292183,2470.8528151577757,53.30755803028137
Ensemble_rcp85,320,14038.203240305436,2476.1123783827056,55.602774785230366
Ensemble_rcp85,321,14041.999510727273,2475.55245095621,55.092226939661366
Ensemble_rcp85,322,14040.911777295025,2465.4222910947205,52.69018300708866
Ensemble_rcp85,323,14036.807873498563,2463.2078168350713,37.717539813783375
Ensemble_rcp85,324,14042.822709848291,2465.4222910947205,37.717539813783375
Ensemble_rcp85,325,13953.95891233942,2429.7021406382414,55.477701904520366
Ensemble_rcp85,326,14044.183311679963,2467.3448322727404,37.717539813783375
Ensemble_rcp85,327,14050.441714251441,2426.9675972283817,26.623349347082367
Ensemble_rcp85,328,14050.486906973878,2428.1394354785516,26.623349347082367
Ensemble_rcp85,329,14049.278122791118,2472.1178194822955,53.603305227645166
Ensemble_rcp85,330,14050.726964278643,2426.9675972283817,23.89547378803237
Ensemble_rcp85,331,14050.745350274876,2429.702140638242,26.623349347082367
Ensemble_rcp85,332,14051.82351532682,2426.9675972283817,23.05256344450337
Ensemble_rcp85,333,14051.936397340269,2428.139435478552,23.05256344450337
Ensemble_rcp85,334,13939.835971789182,2428.139435478551,56.25697460571337
Ensemble_rcp85,335,13954.531159175973,2429.7021406382414,54.89384988139332
Ensemble_rcp85,336,14045.772783764261,2449.223120151692,28.45456117197337
Ensemble_rcp85,337,14047.886047358892,2442.204017527841,27.662976965505372
Ensemble_rcp85,338,14051.32760635591,2429.7021406382414,24.28094875289137
Ensemble_rcp85,339,14052.168640267473,2429.7021406382414,23.05256344450337
Ensemble_rcp85,340,14050.346161478948,2443.5296124287925,27.662976965505372
Ensemble_rcp85,341,14049.92257944311,2450.845580709282,31.18243673102337
Ensemble_rcp85,342,14050.093743831201,2450.705939945472,28.45456117197337
Ensemble_rcp85,343,14045.483557375752,2460.9631249372214,36.92595560731537
Ensemble_rcp85,344,13955.938439845968,2431.027735539192,55.477701904520366
Ensemble_rcp85,345,14047.06265366012,2462.2887198381723,36.92595560731537
Ensemble_rcp85,346,14055.05659541421,2431.027735539192,23.89547378803237
Ensemble_rcp85,347,14054.148167774014,2431.0277355391913,23.05256344450337
Ensemble_rcp85,348,14053.407660524013,2460.3994021403414,28.45456117197337
Ensemble_rcp85,349,14056.485979469851,2445.012432223571,27.662976965505372
Ensemble_rcp85,350,14058.543877785469,2440.6413123681514,25.78043900355337
Ensemble_rcp85,351,14050.40752199264,2480.1763530516705,57.383795748563365
Ensemble_rcp85,352,14045.383788493107,2476.6026030339003,54.75986444170137
Ensemble_rcp85,353,14058.829127812676,2440.6413123681523,23.05256344450337
Ensemble_rcp85,354,13959.920275532988,2449.223120151691,56.25697460571354
Ensemble_rcp85,355,14058.679802950468,2442.204017527842,23.89547378803237
Ensemble_rcp85,356,14059.087571113667,2442.204017527842,23.05256344450337
Ensemble_rcp85,357,14059.897699128747,2428.139435478552,21.643516318410366
Ensemble_rcp85,358,14065.180590378795,2428.139435478552,20.80060597488132
Ensemble_rcp85,359,14065.19375084055,2429.702140638242,20.800605974881368
Ensemble_rcp85,360,14061.904326130923,2464.830277392661,36.867983793212275
Ensemble_rcp85,361,14054.57335180011,2461.724997041292,28.45456117197337
Ensemble_rcp85,362,14058.229198701503,2446.841159343971,27.662976965505372
Ensemble_rcp85,363,14062.168181789903,2444.093335225671,23.05256344450337
Ensemble_rcp85,364,13964.284994838252,2450.705939945471,56.25697460571337
Ensemble_rcp85,365,14068.55349641601,2442.767740324722,21.83061422500137
Ensemble_rcp85,366,14041.377042478625,2478.4718247936567,56.12298916602137
Ensemble_rcp85,367,14041.78271323983,2474.47726589324,54.166657293501366
Ensemble_rcp85,368,13960.879343564713,2440.6413123681514,55.092226939661366
Ensemble_rcp85,369,14092.456716906847,2406.1251085193517,19.719011310754162
Ensemble_rcp85,370,14092.715160207837,2407.6878136790415,19.719011310754162
Ensemble_rcp85,371,14051.520100044798,2480.176353051671,56.716196314221364
Ensemble_rcp85,372,14059.42471658293,2466.6590045140624,36.92595560731537
Ensemble_rcp85,373,14069.1932757766,2444.0933352256725,22.028991283269367
Ensemble_rcp85,374,13961.111680459324,2442.204017527841,55.092226939661366
Ensemble_rcp85,375,14073.059198228179,2444.0933352256725,21.44513926014237
Ensemble_rcp85,376,14071.723611140249,2442.767740324722,20.602228916613367
Ensemble_rcp85,377,14073.70313864679,2444.0933352256725,20.602228916613367
Ensemble_rcp85,378,14074.59447385408,2445.5761550194525,21.83061422500137
Ensemble_rcp85,379,14078.011914583289,2445.5761550194525,20.602228916613367
Ensemble_rcp85,380,14061.245254009313,2449.223120151691,27.662976965505372
Ensemble_rcp85,381,14063.200710268942,2450.705939945471,27.662976965505372
Ensemble_rcp85,382,14060.40959400612,2463.3474575988826,28.45456117197337
Ensemble_rcp85,383,13964.18475956201,2443.529612428791,54.893849881393365
Ensemble_rcp85,384,14063.218632460363,2464.830277392661,28.45456117197337
Ensemble_rcp85,385,14067.593484826268,2460.1622918816024,27.662976965505372
Ensemble_rcp85,386,14069.891484030879,2447.897525250742,23.05256344450337
Ensemble_rcp85,387,14071.10435302538,2449.223120151692,23.05256344450337
Ensemble_rcp85,388,14075.786867339404,2450.705939945471,23.05256344450337
Ensemble_rcp85,389,14052.351288600474,2470.0174449080205,37.58355437409138
Ensemble_rcp85,390,14064.206521704391,2467.3448322727404,28.45456117197337
Ensemble_rcp85,391,14066.58578568912,2468.9672928303303,36.92595560731537
Ensemble_rcp85,392,13964.647469815684,2457.6648587304812,56.05859754744536
Ensemble_rcp85,393,14049.601984478037,2473.4434143832455,53.50593508854937
Ensemble_rcp85,394,14057.34751242096,2476.1123783827056,54.166657293501366
Ensemble_rcp85,395,14057.805233291596,2471.2824492325403,37.58355437409138
Ensemble_rcp85,396,14079.415982235161,2430.2658634351214,20.00902176841337
Ensemble_rcp85,397,14088.667524076858,2440.0331969148624,20.003167619110965
Ensemble_rcp85,398,14079.838863113831,2446.6348927801623,21.83061422500137
Ensemble_rcp85,399,14063.196629337383,2477.9816001424556,54.75986444170137
Ensemble_rcp85,400,14080.370419792042,2446.6348927801623,21.186080939740368
Ensemble_rcp85,401,14088.78583406509,2446.6348927801623,20.666620535189367
Ensemble_rcp85,402,13964.760351829123,2458.8366969806516,56.05859754744536
Ensemble_rcp85,403,14090.771239074029,2458.8366969806525,20.602228916613367
Ensemble_rcp85,404,14077.5260517975,2460.3994021403423,23.05256344450337
Ensemble_rcp85,405,14072.00256409017,2463.207816835072,27.662976965505372
Ensemble_rcp85,406,14062.203690548587,2479.686128400476,55.92461210775336
Ensemble_rcp85,407,14068.471895208038,2468.39498435043,31.048451291331368
Ensemble_rcp85,408,14064.782407909634,2472.6080441334902,52.94258302269317
Ensemble_rcp85,409,14068.757145235237,2468.3949843504306,28.32057573228137
Ensemble_rcp85,410,14066.715610228259,2477.4379732836555,53.968280235233365
Ensemble_rcp85,411,13965.281144495979,2460.0334867750685,56.05859754744535
Ensemble_rcp85,412,14065.47922143501,2472.3932623055553,37.65956799968028
Ensemble_rcp85,413,14070.762434030978,2481.0117233014257,55.92461210775336
Ensemble_rcp85,414,14073.720068028466,2470.0174449080205,28.32057573228137
Ensemble_rcp85,415,14079.54555172065,2461.724997041292,23.05256344450337
Ensemble_rcp85,416,14086.07544551884,2460.3994021403423,21.83061422500137
Ensemble_rcp85,417,14088.475463230589,2460.3994021403423,20.987703881472367
Ensemble_rcp85,418,14081.291644619272,2471.0676674046053,28.45456117197337
Ensemble_rcp85,419,14075.615865630381,2464.8302773926625,27.662976965505372
Ensemble_rcp85,420,14067.886967790031,2473.4434143832455,37.58355437409138
Ensemble_rcp85,421,14091.68447436948,2461.724997041292,20.602228916613367
Ensemble_rcp85,422,13940.229988778354,2429.702140638241,56.25697460571337
Ensemble_rcp85,423,13967.200992847122,2461.3590816760193,56.05859754744536
Ensemble_rcp85,424,14083.60957704382,2462.936169382196,23.05256344450337
Ensemble_rcp85,425,14087.235393147741,2464.0684052885927,23.05256344450337
Ensemble_rcp85,426,14057.545743419847,2479.1184256497713,55.14533940656037
Ensemble_rcp85,427,14069.084436536086,2474.4736172574203,53.44154346997337
Ensemble_rcp85,428,14067.468081084698,2479.1184256497713,54.61162444401007
Ensemble_rcp85,429,14075.712483761637,2478.4718247936503,53.968280235233365
Ensemble_rcp85,430,14077.088228528426,2474.47726589324,52.51597382381337
Ensemble_rcp85,431,14076.082457153221,2476.6026030339003,53.30755803028137
Ensemble_rcp85,432,14089.671431361045,2465.394000189541,23.05256344450337
Ensemble_rcp85,433,13964.16103139414,2481.0117233024253,72.59445760391336
Ensemble_rcp85,434,14097.401153498591,2406.1251085193517,18.77101709172237
Ensemble_rcp85,435,14097.776303262626,2407.6878136790415,18.77101709172237
Ensemble_rcp85,436,14082.241810373858,2466.6590045140624,27.662976965505372
Ensemble_rcp85,437,14105.577897094709,2428.139435478552,18.30042047920611
Ensemble_rcp85,438,14106.235996298698,2430.265863435122,18.30042047920611
Ensemble_rcp85,439,14082.639092707283,2474.8473740581853,37.583554375418856
Ensemble_rcp85,440,14096.437899490575,2463.8595859350307,21.44513926014237
Ensemble_rcp85,441,14096.670236385191,2465.42229109472,21.44513926014237
Ensemble_rcp85,442,14078.074975433818,2472.1178194822955,36.791970167623376
Ensemble_rcp85,443,14082.631020682318,2472.178410058725,31.04845128795707
Ensemble_rcp85,444,13966.166488358513,2476.9314480647654,63.83648316982236
Ensemble_rcp85,445,14082.847417192212,2472.178410058725,28.32057573228137
Ensemble_rcp85,446,14095.544302653267,2467.3448322727404,25.78043900355337
Ensemble_rcp85,447,14097.48125548579,2467.3448322727404,21.83061422500137
Ensemble_rcp85,448,14097.53807036188,2463.8595859350303,20.800605974881368
Ensemble_rcp85,449,14097.77733576699,2465.42229109472,20.800605974881368
Ensemble_rcp85,450,14084.004685348658,2480.1763530516705,54.75986444170137
Ensemble_rcp85,451,14081.36907899504,2477.6356058559927,53.30755803028137
Ensemble_rcp85,452,14087.220956388323,2468.9672928303303,27.662976965505372
Ensemble_rcp85,453,14099.17254791452,2471.2824492325403,27.52899152581337
Ensemble_rcp85,454,13966.538511605193,2476.9314480647654,61.10860761077237
Ensemble_rcp85,455,14107.230579611267,2467.3448322727404,20.602228916613367
Ensemble_rcp85,456,14088.372236173775,2476.1123783827056,52.75457462566467
Ensemble_rcp85,457,14088.37969084693,2476.1123783827056,37.58355437409138
Ensemble_rcp85,458,14089.241604308574,2479.1184256497713,53.30755803028137
Ensemble_rcp85,459,14099.735625481042,2468.8642643756425,22.91857800481137
Ensemble_rcp85,460,14095.106750545548,2474.262484065305,28.45456117197337
Ensemble_rcp85,461,14102.37591778446,2468.6098365972603,21.83061422500137
Ensemble_rcp85,462,14096.835518100386,2480.1763530516705,54.166657293501366
Ensemble_rcp85,463,14102.3378059638,2468.3949843504306,21.311153820450368
Ensemble_rcp85,464,13968.038432347143,2476.9314480647654,60.26569726724337
Ensemble_rcp85,465,14103.90254204296,2468.3949843504306,20.666620535189367
Ensemble_rcp85,466,14107.473206575838,2475.2770081329504,28.32057573228137
Ensemble_rcp85,467,14102.471938759556,2470.0174449080205,22.91857800481137
Ensemble_rcp85,468,14104.951014991053,2460.3994021403414,20.00316762111096
Ensemble_rcp85,469,14105.014493322196,2469.8026630800855,21.830614224001373
Ensemble_rcp85,470,13972.605319992364,2479.686128400476,65.53370955502137
Ensemble_rcp85,471,14105.775980689052,2471.0676674046053,23.05256344450337
Ensemble_rcp85,472,14106.41229044686,2469.4452068470155,21.186080939740368
Ensemble_rcp85,473,14107.748744227682,2462.2887198381713,20.04924551199667
Ensemble_rcp85,474,14111.037684207196,2444.093335225671,18.30042047920611
Ensemble_rcp85,475,14093.910770786933,2477.4379732836555,37.58355437409138
Ensemble_rcp85,476,14103.231774080366,2478.4718247936503,37.58355437409138
Ensemble_rcp85,477,14114.712907372417,2445.5761550194525,18.30042047920611
Ensemble_rcp85,478,14113.84838619037,2472.1178194822955,22.91857800481137
Ensemble_rcp85,479,14107.62986951108,2476.3878212059653,36.92595560731537
Ensemble_rcp85,480,13978.59364662111,2481.0117233014257,65.53370955502137
Ensemble_rcp85,481,14108.150128409283,2469.4452068470155,20.642452660196668
Ensemble_rcp85,482,14109.940467122513,2471.0676674046053,21.83061422500137
Ensemble_rcp85,483,14110.224615310068,2470.4953589247057,21.311153820450368
Ensemble_rcp85,484,14109.432211742025,2473.6410469555813,27.52899152581337
Ensemble_rcp85,485,14111.677256580628,2470.4953589247057,20.666620535189367
Ensemble_rcp85,486,14111.633681011202,2476.3878212059653,31.18243673102337
Ensemble_rcp85,487,14111.78304667949,2476.3878212059653,28.45456117197337
Ensemble_rcp85,488,14114.764904693098,2472.1178194822955,21.69662878530937
Ensemble_rcp85,489,14130.89780795646,2480.1763530516705,53.64352897122846
Ensemble_rcp85,490,13976.442667274963,2462.844427071111,56.25697460571337
Ensemble_rcp85,491,14127.24362956295,2465.42229109472,19.76857516872296
Ensemble_rcp85,492,14128.87983815142,2473.7972219804956,25.78043900355337
Ensemble_rcp85,493,14115.627323099305,2471.5578920558,21.186080939740368
Ensemble_rcp85,494,14115.944375153142,2477.4379732836555,28.32057573228137
Ensemble_rcp85,495,14116.711931708878,2471.7517292577513,20.666620535189367
Ensemble_rcp85,496,14119.47367659324,2467.3448322727404,20.00902176841337
Ensemble_rcp85,497,14120.620652846239,2468.39498435043,20.062134235312367
Ensemble_rcp85,498,14121.916499617922,2473.4434143832455,21.907236928397367
Ensemble_rcp85,499,14122.355504894475,2473.4434143832455,21.311153820449896
Ensemble_rcp85,500,13976.528311545513,2463.8595859350307,56.05859754744533
Ensemble_rcp85,501,14122.073336796147,2446.8411593439723,18.72256691440836
Ensemble_rcp85,502,14123.359314161884,2473.0773241587026,20.66662053518936
Ensemble_rcp85,503,14126.134346833744,2458.8366969806516,18.969394149990368
Ensemble_rcp85,504,14126.283712502027,2458.8366969806525,18.30042047920611
Ensemble_rcp85,505,14120.539462949364,2475.123866749361,27.52899152581337
Ensemble_rcp85,506,14124.561497168237,2469.4452068470155,20.00316762111096
Ensemble_rcp85,507,14129.48375388638,2470.495358924705,20.00316762111096
Ensemble_rcp85,508,14131.035469144595,2481.011723301426,53.03285120628137
Ensemble_rcp85,509,13977.335870385186,2465.4222910947205,56.05859754744536
Ensemble_rcp85,510,14131.988735412458,2481.0117233014257,52.51597382381337
Ensemble_rcp85,511,14129.884601167581,2476.3878212059653,27.662976965505372
Ensemble_rcp85,512,14133.043116414065,2474.4812838336416,22.91857800481137
Ensemble_rcp85,513,14127.963319594388,2478.4718247936507,28.320575732281316
Ensemble_rcp85,514,14138.613646285161,2474.47726589324,20.853718441780366
Ensemble_rcp85,515,14138.957652697634,2475.666443740246,25.78043900355337
Ensemble_rcp85,516,14139.546305303644,2475.666443740246,23.05256344450337
Ensemble_rcp85,517,14134.99746365877,2471.5578920558005,20.00316762111096
Ensemble_rcp85,518,13941.31412993964,2431.027735539191,56.05859754744536
Ensemble_rcp85,519,13972.802940627807,2428.1394354785516,54.300642733193364
Ensemble_rcp85,520,14139.208723148216,2472.6080441334902,20.00316762111052
Ensemble_rcp85,521,14136.515611337916,2461.6644064648626,19.15649205658137
Ensemble_rcp85,522,14126.974569055097,2460.3994021403414,18.30042047920611
Ensemble_rcp85,523,14137.918756206476,2463.8595859350303,18.969394149990368
Ensemble_rcp85,524,14140.556933957654,2417.1322719989516,16.04314153267237
Ensemble_rcp85,525,14139.121237938587,2465.4222910947205,19.15649205658137
Ensemble_rcp85,526,14138.160676892336,2462.687747684861,18.30042047920611
Ensemble_rcp85,527,14138.808680623357,2463.8595859350307,18.30042047920611
Ensemble_rcp85,528,14139.270697572047,2465.42229109472,18.300420477206114
Ensemble_rcp85,529,14141.245816598455,2350.6099054763113,15.20023118914337
Ensemble_rcp85,530,13966.683656403711,2445.012432222571,55.092226939661366
Ensemble_rcp85,531,14136.84593544303,2404.9532702691818,15.398608247411369
Ensemble_rcp85,532,14136.889869908575,2406.1251085193517,15.398608247411369
Ensemble_rcp85,533,14137.366157506805,2407.6878136790415,15.398608247411369
Ensemble_rcp85,534,14163.713710899341,2445.1629818408815,16.04314153267237
Ensemble_rcp85,535,14143.146623053304,2428.651988560552,15.398608247411369
Ensemble_rcp85,536,14144.855258412843,2429.7021406382414,15.398608247411369
Ensemble_rcp85,537,14145.558558826315,2431.0277355391913,15.398608247411369
Ensemble_rcp85,538,13971.1725006764,2429.702140638241,54.34086647677666
Ensemble_rcp85,539,14148.230830915523,2441.0321792776713,15.20023118914337
Ensemble_rcp85,540,14149.007380407666,2442.204017527842,15.20023118914337
Ensemble_rcp85,541,14150.338269706554,2444.093335225671,15.20023118914337
Ensemble_rcp85,542,14137.17272848957,2481.0117233014257,37.58355437409138
Ensemble_rcp85,543,14139.607403190286,2467.3448322727413,18.969394149990368
Ensemble_rcp85,544,13972.80616634619,2431.5914583360714,54.300642733193364
Ensemble_rcp85,545,14140.102310747328,2467.3448322737413,18.30042047920611
Ensemble_rcp85,546,14146.8687988397,2468.3949843504315,18.511911604401366
Ensemble_rcp85,547,14144.310415193713,2477.4379732836564,22.91857800481137
Ensemble_rcp85,548,14149.008706111073,2475.746288158161,20.468243476921366
Ensemble_rcp85,549,14146.919762651809,2469.4452068470164,18.969394149990283
Ensemble_rcp85,550,14147.521196628717,2469.4452068470164,18.30042047920611
Ensemble_rcp85,551,14154.106084215133,2404.9532702691818,14.607024040943369
Ensemble_rcp85,552,14154.218966230235,2406.1251085193517,14.607024040523621
Ensemble_rcp85,553,14155.081107280444,2407.6878136790415,14.607024040943369
Ensemble_rcp85,554,14142.470725553536,2478.471824793651,27.52899152581337
Ensemble_rcp85,555,13975.596180042106,2446.634892780161,55.092226939661366
Ensemble_rcp85,556,14150.52688893802,2477.4379732836555,21.509530878718365
Ensemble_rcp85,557,14152.332166046877,2477.4379732836564,20.666620535189367
Ensemble_rcp85,558,14155.044782111696,2481.0117233014266,31.048451291331368
Ensemble_rcp85,559,14155.289149435095,2481.0117233014266,28.32057573228137
Ensemble_rcp85,560,14152.57886518995,2478.471824793651,25.646453563861368
Ensemble_rcp85,561,14152.731753672027,2478.4718247936503,22.91857800481137
Ensemble_rcp85,562,14146.454216157446,2473.6410469555813,19.953603763142162
Ensemble_rcp85,563,14151.586584800427,2470.495358924705,19.02250661688937
Ensemble_rcp85,564,14152.16428028819,2470.4953589247057,18.30042047920611
Ensemble_rcp85,565,14156.617462356595,2426.6016818631088,14.607024040943369
Ensemble_rcp85,566,13973.205232858412,2447.897525250741,55.279324846252365
Ensemble_rcp85,567,14156.714086750178,2428.1394354785516,14.607024040943369
Ensemble_rcp85,568,14165.608908040766,2460.3994021403414,16.42861649753137
Ensemble_rcp85,569,14163.0339633538,2439.4694741179815,14.607024040943369
Ensemble_rcp85,570,14163.292075805462,2440.6413123681523,14.607024040943369
Ensemble_rcp85,571,14163.87816584223,2442.204017527841,14.607024040943369
Ensemble_rcp85,572,14165.798014193371,2443.529612428791,14.607024040943369
Ensemble_rcp85,573,14153.538400930871,2475.1238667493612,19.953603763142162
Ensemble_rcp85,574,14160.077858280052,2478.471824793651,21.509530878718365
Ensemble_rcp85,575,14165.834805253286,2460.3994021403414,15.78408321227037
Ensemble_rcp85,576,14162.645693529917,2479.6861284004767,27.52899152581337
Ensemble_rcp85,577,13976.180427808873,2439.4694741179815,54.300642733193364
Ensemble_rcp85,578,14166.790774380275,2460.3994021403414,15.20023118914337
Ensemble_rcp85,579,14166.032154174425,2461.724997041291,17.02469960547837
Ensemble_rcp85,580,14166.272948306885,2461.724997041291,16.24151859094037
Ensemble_rcp85,581,14167.320012454646,2406.1251085193517,14.08680966015237
Ensemble_rcp85,582,14156.05786922185,2471.557892055801,19.15649205658137
Ensemble_rcp85,583,14156.431991059688,2471.5578920558,18.30042047920611
Ensemble_rcp85,584,14167.912226921975,2407.6878136790415,13.82775133975037
Ensemble_rcp85,585,14168.47876404037,2461.724997041291,15.58570615400237
Ensemble_rcp85,586,14169.891754428516,2409.0134085799914,13.82775133975037
Ensemble_rcp85,587,13976.293309822313,2440.6413123681514,54.300642733193364
Ensemble_rcp85,588,14171.372979276422,2428.139435478552,13.82775133975037
Ensemble_rcp85,589,14160.542605965682,2472.608044133491,18.835408710298367
Ensemble_rcp85,590,14160.914723179761,2472.608044133491,18.30042047920611
Ensemble_rcp85,591,14162.48042948067,2478.471824793651,20.666620535189367
Ensemble_rcp85,592,14170.454432246015,2407.6878136790415,13.284123060206669
Ensemble_rcp85,593,14170.169662009082,2445.012432222571,14.607024040943369
Ensemble_rcp85,594,14169.820810719415,2463.207816835071,16.24151859094037
Ensemble_rcp85,595,14171.906354899147,2429.336225272968,13.82775133975037
Ensemble_rcp85,596,14173.262150910454,2430.7560880863157,13.82775133975037
Ensemble_rcp85,597,13976.89729501207,2442.204017527842,54.300642733193364
Ensemble_rcp85,598,14172.727614673287,2463.207816835071,15.398608247411369
Ensemble_rcp85,599,14172.433959752556,2409.0134085799914,13.284123060206669
Ensemble_rcp85,600,14169.041887203995,2481.0117233014266,27.52899152581337
Ensemble_rcp85,601,14173.668883421413,2426.9675972283817,13.284123062915182
Ensemble_rcp85,602,14173.826333538282,2428.139435478551,13.284123060206669
Ensemble_rcp85,603,14174.542413536634,2429.702140638241,13.284123060206669
Ensemble_rcp85,604,14172.868010198314,2479.6861284004767,22.91857800481137
Ensemble_rcp85,605,14177.243645964743,2440.6413123681514,14.08680966015237
Ensemble_rcp85,606,14178.004294066077,2442.204017527842,14.08680966015237
Ensemble_rcp85,607,13974.30618920935,2477.9816001424556,63.70249773013036
Ensemble_rcp85,608,14166.493740460226,2476.1729689591366,19.953603763142162
Ensemble_rcp85,609,14174.917811126634,2446.277436547091,14.607024040943369
Ensemble_rcp85,610,14177.208154165264,2465.4222910947215,15.20023118914337
Ensemble_rcp85,611,14178.446432361994,2439.4694741179815,13.44227637489137
Ensemble_rcp85,612,14178.559314375432,2440.6413123681514,13.44227637489137
Ensemble_rcp85,613,14169.230007684844,2477.4379732836564,20.062134235312367
Ensemble_rcp85,614,14178.998825383154,2442.204017527841,13.44227637489137
Ensemble_rcp85,615,14176.346601378524,2447.897525250742,14.607024040943369
Ensemble_rcp85,616,14179.22788688535,2481.0117233014257,22.91857800481137
Ensemble_rcp85,617,14167.08815565011,2473.6410469555813,18.835408710298367
Ensemble_rcp85,618,13945.987396339071,2439.4694741179815,56.25697460571337
Ensemble_rcp85,619,13974.9094562145,2478.2570429657153,61.494082575631296
Ensemble_rcp85,620,14167.257180551387,2473.6410469555826,18.30042047920611
Ensemble_rcp85,621,14178.653168250934,2449.223120151691,14.607024040943369
Ensemble_rcp85,622,14178.321928621113,2467.3448322727413,16.04314153267237
Ensemble_rcp85,623,14178.553807517268,2467.3448322727413,15.20023118914337
Ensemble_rcp85,624,14180.215347659565,2443.529612428791,13.82775133975037
Ensemble_rcp85,625,14182.713895829522,2458.8366969806525,14.607024040943369
Ensemble_rcp85,626,14183.028659237252,2479.6861284004763,21.69662878530937
Ensemble_rcp85,627,14183.865391944255,2479.6861284004767,21.052095500048367
Ensemble_rcp85,628,14175.174132088467,2475.123866749361,19.220883675157367
Ensemble_rcp85,629,14175.695146051889,2475.123866749361,18.25085662123731
Ensemble_rcp85,630,13974.981895045938,2477.9816001424556,60.97462217108037
Ensemble_rcp85,631,14182.671995587018,2468.3949843504315,15.909156092980371
Ensemble_rcp85,632,14182.856545847999,2468.3949843504315,15.06624574845137
Ensemble_rcp85,633,14185.5611938149,2479.6861284004767,20.508467220504667
Ensemble_rcp85,634,14188.530740361537,2481.011723302426,21.69662878530937
Ensemble_rcp85,635,14186.407840957834,2469.8026630800864,15.58570615400237
Ensemble_rcp85,636,14190.179133179181,2481.0117233014266,21.052095500048367
Ensemble_rcp85,637,14180.007026328678,2478.471824793651,20.00316762111096
Ensemble_rcp85,638,14182.128282242336,2443.257964975916,13.284123060206669
Ensemble_rcp85,639,14184.497137671346,2460.3994021403414,14.408646982675345
Ensemble_rcp85,640,13975.348077653773,2477.9816001424556,60.13171182755137
Ensemble_rcp85,641,14185.144434021198,2461.7249970412913,14.40864698267492
Ensemble_rcp85,642,14185.687922166824,2404.1179000194265,12.62762601934237
Ensemble_rcp85,643,14185.843792060514,2405.6386792385415,12.62762601934237
Ensemble_rcp85,644,14186.284507385642,2406.6888313162317,12.62762601934237
Ensemble_rcp85,645,14186.631805925255,2408.2515364759215,12.62762601934237
Ensemble_rcp85,646,14186.705364724015,2403.9031181914916,11.983092734081369
Ensemble_rcp85,647,14186.729923164043,2406.1251085193517,11.983092734081369
Ensemble_rcp85,648,14187.242429512475,2407.6878136790415,11.983092734081369
Ensemble_rcp85,649,14184.269584222422,2445.012432222571,13.82775133975037
Ensemble_rcp85,650,14188.042126219629,2470.0174449080214,15.06624574945137
Ensemble_rcp85,651,13976.338563606194,2476.1123783827056,59.34012762108337
Ensemble_rcp85,652,14186.475423639087,2444.685301789951,13.24389931662337
Ensemble_rcp85,653,14187.240578208886,2476.3878212059662,19.354869114849368
Ensemble_rcp85,654,14187.74411808913,2476.1729689591366,18.30042047920611
Ensemble_rcp85,655,14189.758466072924,2446.277436547091,13.82775133975037
Ensemble_rcp85,656,14189.753351585896,2445.715795783261,13.284123060206669
Ensemble_rcp85,657,14188.981995569287,2463.2078168350713,14.40864698267537
Ensemble_rcp85,658,14192.122151527496,2446.841159343971,13.284123060206669
Ensemble_rcp85,659,14187.893157892633,2426.9675972283817,12.62762601934237
Ensemble_rcp85,660,14188.035040563273,2428.1394354785516,12.62762601934237
Ensemble_rcp85,661,14188.736009509206,2429.702140638242,12.62762601934237
Ensemble_rcp85,662,13978.780369201326,2467.344832272741,56.05859754744536
Ensemble_rcp85,663,14189.014460827933,2428.1394354785516,11.983092734081369
Ensemble_rcp85,664,14189.476477778844,2429.7021406382414,11.983092734081369
Ensemble_rcp85,665,14190.908508807606,2431.0277355391913,12.62762601934237
Ensemble_rcp85,666,14191.393133406173,2431.0277355391913,11.983092734081369
Ensemble_rcp85,667,14194.341156986331,2439.4694741179815,12.62762601934237
Ensemble_rcp85,668,14192.3784243936,2481.0117233014266,20.508467220504667
Ensemble_rcp85,669,14191.734540630236,2471.1282579810354,16.04314153267237
Ensemble_rcp85,670,14192.462338600797,2471.0676674046053,15.20023118914337
Ensemble_rcp85,671,14194.453945032372,2440.6413123681514,12.62762601934237
Ensemble_rcp85,672,14190.009435734453,2447.897525250741,13.62937428148237
Ensemble_rcp85,673,13982.340159854817,2468.3949843504306,56.31008707261236
Ensemble_rcp85,674,14192.279067292477,2449.223120151691,13.442276374891371
Ensemble_rcp85,675,14194.835272643726,2442.204017527841,12.62762601934237
Ensemble_rcp85,676,14193.616545839244,2464.4071322308005,14.40864698267537
Ensemble_rcp85,677,14193.869512738638,2465.4222910947205,14.40864698267537
Ensemble_rcp85,678,14195.338386835774,2440.6413123681523,11.983092734081369
Ensemble_rcp85,679,14196.074918441305,2458.8366969806525,13.62937428148237
Ensemble_rcp85,680,14196.587424789735,2460.3994021403414,13.62937428148237
Ensemble_rcp85,681,14193.914016959288,2477.4379732836564,19.35482194793037
Ensemble_rcp85,682,14192.55992333652,2477.4379732836555,18.30042047920611
Ensemble_rcp85,683,14196.634009628648,2472.1784100587256,15.909156092980371
Ensemble_rcp85,684,13984.438733786197,2406.1251085193517,53.63992052824137
Ensemble_rcp85,685,14197.65321848711,2472.1784100597256,15.06624574945137
Ensemble_rcp85,686,14195.820944278847,2467.3448322737413,14.40864698167537
Ensemble_rcp85,687,14195.942372025525,2442.204017527841,11.983092734081369
Ensemble_rcp85,688,14196.751928271055,2443.529612428791,12.62762601934237
Ensemble_rcp85,689,14198.566952296278,2461.7249970412913,13.62937428148237
Ensemble_rcp85,690,14201.276223603238,2457.6648587304817,13.10991387693137
Ensemble_rcp85,691,14201.389105616678,2458.8366969806516,13.10991387693137
Ensemble_rcp85,692,14202.20495077477,2460.5972095719485,13.10991387693137
Ensemble_rcp85,693,14199.48830366441,2468.3949843504315,14.47303860125137
Ensemble_rcp85,694,14197.859027652854,2443.529612428791,11.983092734081369
Ensemble_rcp85,695,13978.331891813255,2449.223120151691,55.092226939661366
Ensemble_rcp85,696,14201.047347843956,2479.6861284004767,20.00316762111096
Ensemble_rcp85,697,14203.475179317997,2469.4452068470164,14.40864698267537
Ensemble_rcp85,698,14202.919979033966,2463.2078168350713,13.62937428148237
Ensemble_rcp85,699,14204.37761526623,2462.2887198381713,13.10991387693137
Ensemble_rcp85,700,14207.871735934114,2445.284668013362,11.983092734081369
Ensemble_rcp85,701,14208.170419902583,2446.3348200910514,11.983092734081369
Ensemble_rcp85,702,14208.55664701815,2447.8975252507407,12.36856769894037
Ensemble_rcp85,703,14210.430369339492,2447.897525250741,11.82493941839667
Ensemble_rcp85,704,14210.476495369292,2449.223120151691,12.36856769894037
Ensemble_rcp85,705,14214.390516919251,2457.786544902961,12.17019064067237
Ensemble_rcp85,706,13981.854716124388,2443.5296124287916,54.10226567492536
Ensemble_rcp85,707,14208.496446941623,2463.4056242666784,13.10991387693137
Ensemble_rcp85,708,14205.286884090581,2406.1251085193517,11.191508527613369
Ensemble_rcp85,709,14205.871691384331,2407.6878136790415,11.191508527613369
Ensemble_rcp85,710,14206.615374276811,2426.9675972283817,11.23173227119667
Ensemble_rcp85,711,13981.86992405532,2479.1184256497713,60.13171182655137
Ensemble_rcp85,712,13946.100278352511,2440.6413123681514,56.25697460571337
Ensemble_rcp85,713,13982.391446314616,2477.4379732836555,59.34012762108337
Ensemble_rcp85,714,13986.330185732517,2469.4452068470155,56.05859754744536
Ensemble_rcp85,715,13979.046780208862,2450.705939945471,55.279324846252365
Ensemble_rcp85,716,13979.72001063569,2458.836696980651,55.279324846252365
Ensemble_rcp85,717,13979.952347530309,2460.3994021403423,55.279324846252365
Ensemble_rcp85,718,13982.462044451153,2461.7249970412913,55.279324846252365
Ensemble_rcp85,719,13983.125919299704,2445.012432222571,54.300642733193364
Ensemble_rcp85,720,13984.472020727195,2457.6648587304817,54.75986444170137
Ensemble_rcp85,721,13984.599276773186,2458.8366969806516,54.75986444170137
Ensemble_rcp85,722,13946.899456674957,2442.204017527842,56.25697460571337
Ensemble_rcp85,723,13985.418314655091,2460.0334867750685,54.75986444170137
Ensemble_rcp85,724,13985.029524152604,2407.6878136790415,53.481767213556665
Ensemble_rcp85,725,13985.768400064919,2463.2078168350713,55.279324846252344
Ensemble_rcp85,726,13985.124950560948,2428.1394354785516,53.44154346997337
Ensemble_rcp85,727,13985.304760901567,2429.702140638242,53.44154346997337
Ensemble_rcp85,728,13987.64166605592,2431.0277355391913,53.44154346997337
Ensemble_rcp85,729,13987.502990683208,2461.7249970412913,54.75986444170137
Ensemble_rcp85,730,13991.359993344136,2463.2078168350713,54.75986444170137
Ensemble_rcp85,731,13990.467507774776,2464.4071322308005,54.893849881393365
Ensemble_rcp85,732,13991.315147315507,2476.1123783827056,58.17537995503137
Ensemble_rcp85,733,13949.106670466947,2481.0117233014257,81.85743624572336
Ensemble_rcp85,734,13989.931523654594,2470.4953589247057,56.31008707261236
Ensemble_rcp85,735,13991.671824360988,2465.4222910947205,54.893849881393365
Ensemble_rcp85,736,13991.943262827886,2480.1763530516705,64.74212534855337
Ensemble_rcp85,737,13998.684865334517,2407.6878136790415,37.717539813783375
Ensemble_rcp85,738,13993.125903229266,2467.3448322727404,55.279324846252365
Ensemble_rcp85,739,13994.852763817635,2471.5578920558,56.05859754744536
Ensemble_rcp85,740,13987.930975099043,2446.277436547091,54.10226567492536
Ensemble_rcp85,741,14000.67399194608,2428.139435478549,37.717539813783375
Ensemble_rcp85,742,14000.801256509998,2429.702140638242,37.717539813783375
Ensemble_rcp85,743,13952.321451345284,2481.0117233014257,73.38604181038136
Ensemble_rcp85,744,13991.938025336252,2440.6413123681514,53.44154346997337
Ensemble_rcp85,745,13992.170362230869,2442.204017527842,53.44154346997337
Ensemble_rcp85,746,13994.149889737404,2443.529612428791,53.44154346997337
Ensemble_rcp85,747,13994.854049726275,2447.899897104681,54.10226567492536
Ensemble_rcp85,748,13997.75188248999,2445.012432222571,53.44154346997337
Ensemble_rcp85,749,14008.86577659113,2442.204017527842,37.71753981378272
Ensemble_rcp85,750,14010.84530409764,2443.529612428791,37.717539813783375
Ensemble_rcp85,751,14022.811869932148,2426.967597228382,28.45456117197337
Ensemble_rcp85,752,14022.706438729403,2428.139435478552,31.182436731023362
