stand,climateScenario,initial,none,first,second,both
0.0,NONE,50.517122555,87.8001820181268,70.65282070016198,74.63726980309156,67.23757861193664
0.0,Ensemble_rcp45,50.517122555,64.74729792260564,58.912926021887344,54.35926990425353,48.45374712669719
0.0,Ensemble_rcp85,50.517122555,65.38765581414792,59.90903829761974,55.35538217998593,49.59216115610564
1.0,NONE,127.76961087051714,268.5852992782527,234.4145921189233,219.36531694512536,223.88009949726478
1.0,Ensemble_rcp45,127.76961087051714,300.2773022913095,294.96579340643973,300.36582743939067,151.73210381111573
1.0,Ensemble_rcp85,127.76961087051714,272.30335549766164,271.6836794610935,215.91283616995992,222.4636971279661
2.0,NONE,447.1173756567767,943.5427719131457,667.3025774424425,896.4061906054209,608.3593189811573
2.0,Ensemble_rcp45,447.1173756567767,922.1826002689188,648.5560976871714,691.4566955886575,489.57152899342947
2.0,Ensemble_rcp85,447.1173756567767,877.0288197045395,577.5357801527786,673.0707250594495,503.0004976642728
3.0,NONE,614.236364805,806.1515042623746,658.5728988970741,662.0802514925931,627.9959788335747
3.0,Ensemble_rcp45,614.236364805,1014.6141534011726,1006.6101949139623,1014.7940176368402,519.1781162546508
3.0,Ensemble_rcp85,614.236364805,883.2233292459596,855.5242369531429,685.5525342472206,716.489182782055
4.0,NONE,610.5044428558889,1143.730780284751,915.8137411751359,907.8830573310685,861.2001683398543
4.0,Ensemble_rcp45,610.5044428558889,1300.5420290197178,1273.054999787439,1302.2543357587779,756.3889716279193
4.0,Ensemble_rcp85,610.5044428558889,610.0318061419497,595.5222595635994,573.5326361777767,603.452943407667
5.0,NONE,405.8049204021193,746.2668524962205,716.6203896810202,687.6904576891482,679.719052279623
5.0,Ensemble_rcp45,405.8049204021193,847.0289995267349,847.0289995267349,847.0289995267349,751.0138692007689
5.0,Ensemble_rcp85,405.8049204021193,782.1829600155424,781.5559955451304,628.5766647645798,379.4030709522313
6.0,NONE,226.808230513,569.5704913001017,521.6141948287141,514.4565386389546,472.58424992886245
6.0,Ensemble_rcp45,226.808230513,570.6441397285657,569.8389034072179,474.91048819053435,326.21018084828324
6.0,Ensemble_rcp85,226.808230513,581.9174482274367,558.0287706941148,557.4024757775111,502.73587662822354
7.0,NONE,493.7448573156846,650.7669229877079,636.3853335294158,641.0593501033607,641.0593501033607
7.0,Ensemble_rcp45,493.7448573156846,640.6998103669033,640.6998103669033,640.6998103669033,504.4342502495879
7.0,Ensemble_rcp85,493.7448573156846,605.8244559305456,605.8244559305456,367.35972572524344,367.09007092290045
8.0,NONE,86.253025974,141.91734995309685,114.52979119021853,110.1726795688515,111.59540989419584
8.0,Ensemble_rcp45,86.253025974,142.18411188909892,140.76138156375458,141.91734995309685,103.05902794212987
8.0,Ensemble_rcp85,86.253025974,129.557380251668,127.06760218231545,90.34337565936494,91.23258211270515
9.0,NONE,110.19204234955349,218.00494550780834,217.64281104683192,215.1984034352411,166.40078481866766
9.0,Ensemble_rcp45,110.19204234955349,197.27274761690802,274.7695222658631,210.40012182730348,137.701628786286
9.0,Ensemble_rcp85,110.19204234955349,137.97322963201827,135.3477547899392,128.55773364663122,130.64000679724566
10.0,NONE,58.843621025,116.50124658748064,101.44822725550388,103.09037481899225,94.0585632198062
10.0,Ensemble_rcp45,58.843621025,147.6108198735659,148.06697197453488,149.34419785724805,85.84782540236434
10.0,Ensemble_rcp85,58.843621025,96.43055414484496,93.87610237941861,83.65829531771318,92.05149397554263
11.0,NONE,90.87782034517144,229.12067036928104,184.90747260982866,192.87460329519527,166.69688818613335
11.0,Ensemble_rcp45,90.87782034517144,223.4298627368763,221.24109057056668,199.96622511403814,139.2934606639381
11.0,Ensemble_rcp85,90.87782034517144,233.06046026863825,218.7896657443001,202.24254816700005,168.18525325922386
12.0,NONE,154.446669848,379.714972072677,322.50255350289626,324.2037052287582,286.15162715026554
12.0,Ensemble_rcp45,154.446669848,354.01862758202424,356.1674508146921,275.4075109869264,233.32638934718153
12.0,Ensemble_rcp85,154.446669848,373.0894337719512,368.34411579980974,339.69313936423885,280.77956906859595
13.0,NONE,43.063432088754986,115.56113902957122,111.9443400217755,114.14970527043144,111.9443400217755
13.0,Ensemble_rcp45,43.063432088754986,110.9739793123669,100.38822611881838,106.47503420510877,98.88857774973235
13.0,Ensemble_rcp85,43.063432088754986,112.73827151129164,101.27037221828077,102.0643037077969,97.74178782043124
14.0,NONE,99.50692070800001,231.3201241929472,176.16740939694353,178.22001852365563,166.97529026427623
14.0,Ensemble_rcp45,99.50692070800001,197.49669553973453,179.55867664977222,213.47134917805917,126.54781485555513
14.0,Ensemble_rcp85,99.50692070800001,130.83152085912823,133.95505648673358,113.96442847005916,104.59382158724303
15.0,NONE,43.51908873191999,114.781596530439,112.78697163022599,106.259108320438,104.083153883842
15.0,Ensemble_rcp45,43.51908873191999,95.6513304420325,95.56066567384099,80.96363799500949,50.409611114474004
15.0,Ensemble_rcp85,43.51908873191999,94.65401799192597,95.198006601075,82.50493905426498,50.590940650857
16.0,NONE,86.12559430587777,229.10256613386198,197.2235656524448,205.74831229928617,201.8411367528172
16.0,Ensemble_rcp45,86.12559430587777,231.76654946099995,208.67869395913786,209.03389173608963,168.7189440520689
16.0,Ensemble_rcp85,86.12559430587777,230.8785550186206,209.21149062456547,220.84421781973444,169.42933960597236
17.0,NONE,163.3465024212,347.61958304017446,347.0764274416741,339.6533009288371,330.05755202199896
17.0,Ensemble_rcp45,163.3465024212,386.5457342660273,397.952001834533,431.89922674080003,311.95236540532323
17.0,Ensemble_rcp85,163.3465024212,327.7038777618311,327.7038777618311,280.1777628930573,256.7315462244622
18.0,NONE,830.9707045011273,1636.654050285399,1470.8633544245308,1390.534565338222,1342.7155216108338
18.0,Ensemble_rcp45,830.9707045011273,1749.402530034344,1743.008646598102,1757.9577261814286,1046.8858443142817
18.0,Ensemble_rcp85,830.9707045011273,1596.039382260819,1590.3659363948575,1035.6290072786442,1308.8549558076368
19.0,NONE,516.7966152407719,988.3163422204949,964.0823819651786,893.2584095584984,877.0726279857593
19.0,Ensemble_rcp45,516.7966152407719,1178.700480167241,1165.5551216523647,1178.7899043748253,497.8245636211993
19.0,Ensemble_rcp85,516.7966152407719,794.5340843855502,807.053473447337,584.8343176006186,896.7459536542818
20.0,NONE,735.4742100257349,1783.038065760427,1700.5734564715676,1651.7255676906257,1612.340830795291
20.0,Ensemble_rcp45,735.4742100257349,1902.3639047751258,1882.9869747236453,1848.288751143087,1348.9948326072617
20.0,Ensemble_rcp85,735.4742100257349,1435.2447026503637,1415.3270210625628,1317.8114940127862,1134.7670989683345
21.0,NONE,477.18525308100004,1211.2402282450373,1110.0409406105005,1126.3372671779837,1060.6117511875814
21.0,Ensemble_rcp45,477.18525308100004,1237.3503647343748,1237.0802598741402,1238.430784175313,1050.257731545258
21.0,Ensemble_rcp85,477.18525308100004,1140.4727548635901,1140.4727548635901,1121.7454845539962,928.3504046260736
22.0,NONE,387.5850577715,677.9576395145309,785.2888862820231,764.5996139674138,749.0600731896286
22.0,Ensemble_rcp45,387.5850577715,999.4996489804441,1000.7644953228221,1000.9451876574476,519.5808082153605
22.0,Ensemble_rcp85,387.5850577715,854.7650889454922,854.7650889454922,552.376466949872,559.3331218329503
23.0,NONE,129.16788432950003,241.14247594757342,223.42552965102706,212.8651823511152,207.19226851231957
23.0,Ensemble_rcp45,129.16788432950003,308.1701348428815,297.7843387380095,309.74109559824024,141.2991923847706
23.0,Ensemble_rcp85,129.16788432950003,194.2754800793696,196.10826762728817,120.96397816262635,186.42067630257569
24.0,NONE,275.426123514,621.248989781414,554.023271476352,539.3459583154087,520.5010130223453
24.0,Ensemble_rcp45,275.426123514,671.3511760653753,661.5663006247463,671.3511760653753,479.2776951937697
24.0,Ensemble_rcp85,275.426123514,591.8037627610028,577.2170502985837,547.4094204840751,411.5083726975617
25.0,NONE,795.9674655703911,1981.1614664422298,1893.2074727516915,1858.9583131290763,1807.584573695153
25.0,Ensemble_rcp45,795.9674655703911,2091.7988040713067,2086.329697429999,2087.674559718845,1511.266582719384
25.0,Ensemble_rcp85,795.9674655703911,1807.8535461529225,1811.3501881039222,1333.7447605916918,1080.2830478871533
26.0,NONE,108.15701894149998,255.8968141097232,250.96018668915679,249.0752925831224,245.5747749576298
26.0,Ensemble_rcp45,108.15701894149998,268.2832610922352,270.7066963714223,271.87353557991986,240.18936322610293
26.0,Ensemble_rcp85,108.15701894149998,236.50933187622616,232.11124562881244,196.29825761415808,223.67410058275348
27.0,NONE,112.82494273341428,251.54074418196046,249.2786871299644,252.4455670027589,242.3115514098166
27.0,Ensemble_rcp45,112.82494273341428,291.4434305791707,291.08150145085136,290.53860775837234,231.09174843191613
27.0,Ensemble_rcp85,112.82494273341428,253.07894297731772,258.1459507737889,221.41014424937305,171.46392454130034
28.0,NONE,196.01141328112195,466.64286818737537,386.391042871466,404.75223058325327,365.6115523878823
28.0,Ensemble_rcp45,196.01141328112195,433.2344632288551,430.3683266104298,423.2925518336922,241.65114364098636
28.0,Ensemble_rcp85,196.01141328112195,383.793606561018,378.7778674787737,238.3371731759321,286.07626122657905
29.0,NONE,387.094715506,335.3022518285422,264.0876142720376,274.2482885698723,242.1477511864479
29.0,Ensemble_rcp45,387.094715506,481.2383083363791,484.56525478788245,482.40723546798836,409.9337533082123
29.0,Ensemble_rcp85,387.094715506,446.3503293314248,438.43759182514657,439.4266840134314,387.1846329776623
30.0,NONE,429.3321216415,763.3167346017837,738.0934724553456,745.7856729680891,725.4818413821266
30.0,Ensemble_rcp45,429.3321216415,579.598364216025,830.7576553763028,836.3926394728473,697.9330302434635
30.0,Ensemble_rcp85,429.3321216415,774.76559117889,764.658397481913,608.3099498508002,716.6268663732704
31.0,NONE,338.56255248499997,387.87393897812973,504.8978359682596,458.39647333778976,426.4891056069411
31.0,Ensemble_rcp45,338.56255248499997,711.6612047014016,715.7402715988113,727.0710129805047,567.8061121194216
31.0,Ensemble_rcp85,338.56255248499997,652.3787657923817,665.0691961398784,443.98377030027575,525.2025245242543
32.0,NONE,266.6242139365,679.1759758362318,539.0640567004739,540.0482400405081,539.7798264023169
32.0,Ensemble_rcp45,266.6242139365,629.7878664090682,474.7342547473384,651.082015038896,471.7817047272362
32.0,Ensemble_rcp85,266.6242139365,629.8773376217986,484.03926087129685,540.1377112532383,495.0442200371322
33.0,NONE,231.94963178449999,367.61319549101563,358.9825115176389,351.79027487315824,336.32696608752497
33.0,Ensemble_rcp45,231.94963178449999,325.718417036916,320.6838513857795,320.6838513857795,304.6811248518102
33.0,Ensemble_rcp85,231.94963178449999,304.23161006153026,304.23161006153026,230.6010874136598,229.16264008476367
34.0,NONE,171.3692768185,441.5436523026664,418.87292505688566,382.27844406960185,372.37115775353226
34.0,Ensemble_rcp45,171.3692768185,444.9353359063658,434.31401093688584,435.56357858035415,419.4977088786198
34.0,Ensemble_rcp85,171.3692768185,443.4180037678687,432.70742396671244,428.06617271954474,410.30446121596066
35.0,NONE,28.609411957650003,65.51555338301851,56.55127096962149,58.553929806656996,55.788353317417496
35.0,Ensemble_rcp45,28.609411957650003,55.120800371739016,57.314188621825515,49.39891798020901,38.0505179036745
35.0,Ensemble_rcp85,28.609411957650003,53.881059186907514,59.12611804581002,41.6743767516435,40.625364979863
36.0,NONE,237.444233248,610.8140898307986,463.150657229778,463.7778684119425,361.0048361344119
36.0,Ensemble_rcp45,237.444233248,459.11858534443473,509.1162767226929,367.45615115096143,267.46076839444527
36.0,Ensemble_rcp85,237.444233248,369.33778469745505,425.6971894948106,351.68626999939625,274.71849778806336
37.0,NONE,581.6493805949999,1460.6962695654313,1204.8965961489616,1214.260610944918,1045.4382288062766
37.0,Ensemble_rcp45,581.6493805949999,1374.79944153329,1401.540906864051,1107.0246338104528,907.409049169723
37.0,Ensemble_rcp85,581.6493805949999,1386.5044600282356,1442.418432992554,1276.4772861757451,928.65815966824
38.0,NONE,36.9077413005,31.176186180892937,27.702516411434118,27.702516411434118,27.702516411434118
38.0,Ensemble_rcp45,36.9077413005,28.04988338838,28.657775598035293,28.04988338838,28.04988338838
38.0,Ensemble_rcp85,36.9077413005,28.04988338838,31.089344436656468,28.04988338838,28.04988338838
39.0,NONE,216.6124889335,540.3627732233202,462.88560913175303,451.8302829330722,418.30478153382114
39.0,Ensemble_rcp45,216.6124889335,494.1640930109472,525.3526961893391,385.49832574098815,353.77043835778267
39.0,Ensemble_rcp85,216.6124889335,532.9026750567308,529.3074470246394,483.73793171788265,366.1739750684976
40.0,NONE,62.509384448,161.65014243965314,127.72896598395525,138.22005148571748,120.73490898278041
40.0,Ensemble_rcp45,62.509384448,152.8201454756699,160.60103388947692,125.45589745857343,114.96481195681119
40.0,Ensemble_rcp85,62.509384448,162.5243995648,161.3004395895944,134.02361728501262,136.03440867285036
41.0,NONE,41.43385920159867,102.07699473681524,87.97600241435335,88.86285727740128,87.70994595543897
41.0,Ensemble_rcp45,41.43385920159867,108.01892231923627,86.46834914717189,73.96369557819627,81.59064740040834
41.0,Ensemble_rcp85,41.43385920159867,110.67948690838003,86.82309109239107,73.34289717406273,70.68233258491898
42.0,NONE,110.07163479600001,286.18625046960005,264.7958113189603,273.7084942983936,223.7974696135677
42.0,Ensemble_rcp45,110.07163479600001,284.6710943630964,281.5516553202948,251.60504050939923,145.90062037332152
42.0,Ensemble_rcp85,110.07163479600001,284.76022119289075,281.5516553202948,245.00965510461864,258.02217225459117
43.0,NONE,75.7688959515,195.5518584276354,167.71317418478088,189.33710628779323,170.7779834592236
43.0,Ensemble_rcp45,75.7688959515,183.97369005751858,142.5987648525421,168.39424291243486,143.70550153497976
43.0,Ensemble_rcp85,75.7688959515,184.99529314899945,143.0244328073258,174.8643958251472,140.81095944245055
44.0,NONE,167.887204646712,414.2795922589407,394.2854034433547,407.7925887765506,394.2854034433547
44.0,Ensemble_rcp45,167.887204646712,440.4053323113062,386.1100017943152,347.27684396137715,337.6796333298959
44.0,Ensemble_rcp85,167.887204646712,442.0937304779558,389.22020894340636,347.6322962069876,315.3750049178423
45.0,NONE,104.73182442258945,253.44941305019415,226.50194808088705,235.7231736351682,227.57626562119165
45.0,Ensemble_rcp45,104.73182442258945,145.21192086450543,144.40618270927698,141.36228301174728,134.55827192315144
45.0,Ensemble_rcp85,104.73182442258945,133.3944279211548,129.18668422162844,131.7829516106979,129.18668422162844
46.0,NONE,192.57639680161873,393.00813574556497,384.41875186887785,388.4505034844656,382.7534631580915
46.0,Ensemble_rcp45,192.57639680161873,270.3902985671427,247.33919693889038,279.7685034120972,203.778750135691
46.0,Ensemble_rcp85,192.57639680161873,230.7739566052793,209.91402433332473,206.23285981474453,195.71524690451528
47.0,NONE,218.65254303294446,498.3860706208524,427.5527110319732,473.95448713331103,444.5089592733265
47.0,Ensemble_rcp45,218.65254303294446,530.8399651043028,508.7786098655527,415.61040716306314,474.6837881329391
47.0,Ensemble_rcp85,218.65254303294446,565.208274711777,518.6241733605322,498.3860706208524,352.1612201954183
48.0,NONE,111.97465371949092,227.3892408148031,216.16123397830236,224.82536523796435,220.93534712138143
48.0,Ensemble_rcp45,111.97465371949092,279.37402837277523,241.44635173609146,212.27121586171936,232.95903948172867
48.0,Ensemble_rcp85,111.97465371949092,274.06945821379844,235.69973406386666,149.58887848314416,230.57198291018912
49.0,NONE,154.82791243900002,367.5518147985327,343.9548128460731,320.2700896967643,316.23491464169683
49.0,Ensemble_rcp45,154.82791243900002,369.30623873551855,369.65712352291575,325.1824767203246,251.05806538267313
49.0,Ensemble_rcp85,154.82791243900002,376.49937687716044,372.63964421579163,332.46333605881586,324.6561495392289
50.0,NONE,157.0504439755,337.9292311748689,289.91150922373913,289.64073259619505,256.2449485324394
50.0,Ensemble_rcp45,157.0504439755,330.61826223118186,327.4592015765022,248.57294408536038,240.99119851412934
50.0,Ensemble_rcp85,157.0504439755,341.2688095812445,332.9649930032295,289.64073259619505,297.1322192915781
51.0,NONE,20.881904545287693,44.974816237916244,42.371483561469994,42.46125365376125,42.012403192305
51.0,Ensemble_rcp45,20.881904545287693,30.97068184048125,21.903902519065003,38.51136959294625,21.544822149900003
51.0,Ensemble_rcp85,20.881904545287693,21.544822149900003,21.544822149900003,21.544822149900003,21.544822149900003
52.0,NONE,56.630432890769235,145.09965983227272,125.71646645833336,140.25386148878786,121.7849696890909
52.0,Ensemble_rcp45,56.630432890769235,151.59120100939393,121.60210937424242,132.75658858,116.84774118818183
52.0,Ensemble_rcp85,56.630432890769235,151.68263116681817,123.15642205045455,134.3109012562121,112.09337300212121
53.0,NONE,110.73685018267342,244.72980912664326,184.2915591764585,212.97717631699396,178.96938492711385
53.0,Ensemble_rcp45,110.73685018267342,200.97973267016621,172.38432187284,179.05959127032307,147.57757749030156
53.0,Ensemble_rcp85,110.73685018267342,192.59054275170772,166.1600841914031,176.1729882876277,152.9899580828554
54.0,NONE,128.3024379550375,319.5639016099933,275.21992200456157,290.9288216623562,274.8608614409548
54.0,Ensemble_rcp45,128.3024379550375,189.31468216165047,279.16958820423565,176.65779729451313,131.50593142096633
54.0,Ensemble_rcp85,128.3024379550375,153.85745150548544,173.96484306746262,150.71567157392653,147.57389164236764
55.0,NONE,54.44406539597143,120.01050102124161,115.94534413834239,116.7407009197792,116.5639549683488
55.0,Ensemble_rcp45,54.44406539597143,137.7734691399968,125.3128795641536,105.42896002823359,77.59147267794559
55.0,Ensemble_rcp85,54.44406539597143,142.0153719743264,126.7268471755968,107.46153846968322,89.1683324966368
56.0,NONE,65.583878937,90.4510997006125,87.1719057537625,89.72238993464583,87.26299447450833
56.0,Ensemble_rcp45,65.583878937,113.22327988707083,105.38964990292915,72.9620653174125,77.3343239132125
56.0,Ensemble_rcp85,65.583878937,113.86090093229166,107.9401340838125,86.44319598779583,61.302709061945826
57.0,NONE,232.298796482149,605.0391677427101,511.2943937153255,537.2848186368757,521.0632085996323
57.0,Ensemble_rcp45,232.298796482149,609.6995197976089,487.18603404671524,553.2375622094135,486.46905680749995
57.0,Ensemble_rcp85,232.298796482149,604.5014348132988,497.2237153957276,516.940589474145,462.36069713888946
58.0,NONE,144.23692947166154,371.69361559308555,338.55988789751547,351.01889177214395,324.3855139242062
58.0,Ensemble_rcp45,144.23692947166154,368.26287539572405,336.9348004356075,356.2552847049589,325.7397534757962
58.0,Ensemble_rcp85,144.23692947166154,370.51994131504085,328.5385152157491,350.56747858828066,326.0106013861143
59.0,NONE,172.2492025998375,406.0756314455445,368.319924546566,365.09140804214036,366.34694223830587
59.0,Ensemble_rcp45,172.2492025998375,356.3026686689814,330.56421764758767,388.3187906712031,324.37622768077176
59.0,Ensemble_rcp85,172.2492025998375,357.6478838791588,370.83099293889717,417.0167151549872,350.5630837722246
60.0,NONE,90.47884978307,234.46136982113606,198.7922563178053,199.69299150728338,197.98159464727507
60.0,Ensemble_rcp45,90.47884978307,219.50916567580043,135.7407930543419,199.24262391254436,148.2610121880868
60.0,Ensemble_rcp85,90.47884978307,218.9687245621136,178.70586159244485,189.60475738512923,139.34373381225413
61.0,NONE,440.62046163786,765.768959082319,692.0824306338108,650.1542606933763,677.3629667185519
61.0,Ensemble_rcp45,440.62046163786,813.5849145888569,801.1848813511542,805.6453249618387,611.883654513703
61.0,Ensemble_rcp85,440.62046163786,654.3470776874199,652.9197357320008,493.5926899583496,378.87008029154356
62.0,NONE,169.91877606006486,424.61537956303187,372.3161822501081,366.72557839941624,357.1674492353302
62.0,Ensemble_rcp45,169.91877606006486,421.5495645481363,409.1961334587043,423.172643085434,333.903323534064
62.0,Ensemble_rcp85,169.91877606006486,414.876908339246,402.52347724981405,418.7542626227904,407.6632259512566
63.0,NONE,46.69298182511933,123.46063687541246,117.03416677412632,108.25434142448188,114.86183885256482
63.0,Ensemble_rcp45,46.69298182511933,122.46498657803009,122.46498657803009,115.58594815975196,60.28209982333189
63.0,Ensemble_rcp85,46.69298182511933,63.81213269586934,63.81213269586934,47.97224160115,47.97224160115
64.0,NONE,157.02815616332543,346.62325725476904,325.2787979464547,334.51610596643945,322.94705029092455
64.0,Ensemble_rcp45,157.02815616332543,375.50105514248855,356.57802609184006,297.6565564886361,306.44545149794203
64.0,Ensemble_rcp85,157.02815616332543,386.8010630115962,350.47960914660734,279.27162305080225,240.2596911217403
65.0,NONE,43.55180376934143,107.7082618850907,100.95984646607431,104.95561875364982,98.20720333463342
65.0,Ensemble_rcp45,43.55180376934143,102.11418068248501,85.7759117732874,94.122636107334,54.3425031110268
65.0,Ensemble_rcp85,43.55180376934143,102.5581553811045,51.0570903412425,85.9535016527352,53.6321435932356
66.0,NONE,66.8109869006317,145.4278609798767,102.78697581602398,137.4383056544391,94.25879878325344
66.0,Ensemble_rcp45,66.8109869006317,94.61787992147534,108.98112545035204,79.26716126248836,63.736902034390404
66.0,Ensemble_rcp85,66.8109869006317,82.31935093737467,78.01037727871164,70.82875451427329,63.736902034390404
67.0,NONE,277.32432875917016,620.9892236720162,576.0650787695245,587.9436300061673,573.0284566488788
67.0,Ensemble_rcp45,277.32432875917016,632.063963170841,562.4895916419323,574.6360801245144,515.3326363566131
67.0,Ensemble_rcp85,277.32432875917016,635.7257721986783,593.6596245862058,562.6682164725585,519.4410074610158
68.0,NONE,40.47230756820111,73.98562113345818,74.43620347897256,76.23853286103002,72.45364115870936
68.0,Ensemble_rcp45,40.47230756820111,70.47107883844618,65.69490597599393,65.24432363047957,47.49137921721372
68.0,Ensemble_rcp85,40.47230756820111,55.60186143647223,53.25883323979754,49.74429094478553,45.05823455143617
69.0,NONE,179.6583569142547,409.0457267046473,403.585717004474,416.871740608229,394.9407016458663
69.0,Ensemble_rcp45,179.6583569142547,416.23473947654213,347.802617901037,376.37666866527735,320.0475685918229
69.0,Ensemble_rcp85,179.6583569142547,425.5167559668366,290.83651669589597,352.8076267928628,311.03855258653704
70.0,NONE,46.43046558212151,116.24731009592404,90.9877568692657,93.21130908992222,80.75941665424558
70.0,Ensemble_rcp45,46.43046558212151,92.05506193518085,98.72571859715043,69.6416555509629,63.682535599603376
70.0,Ensemble_rcp85,46.43046558212151,91.96611984635457,98.63677650832419,68.9301188403528,62.259462178383195
71.0,NONE,44.9764629646,97.40357231929536,92.3153260041083,92.58791062813617,86.77277198220808
71.0,Ensemble_rcp45,44.9764629646,92.6787721694788,85.31898732072605,77.77747938928808,78.86781788539959
71.0,Ensemble_rcp85,44.9764629646,100.49286472494467,76.77800243451918,79.32212559211273,82.22969491507676
72.0,NONE,108.78454812259334,280.3753004076333,261.58864166326657,270.8484165894,255.97935492916662
72.0,Ensemble_rcp45,108.78454812259334,283.22446192336656,264.79394836846666,260.3421335001333,228.73424793496662
72.0,Ensemble_rcp85,108.78454812259334,281.2656633813,254.7328467660333,258.9175527422666,240.13089399789993
73.0,NONE,211.645085795,483.3236821254821,411.87661494627827,444.94896805564554,381.76998915378357
73.0,Ensemble_rcp45,211.645085795,369.1881156882634,390.487430054894,338.0929141234777,310.3229219745797
73.0,Ensemble_rcp85,211.645085795,419.87509164935886,426.61538100588757,321.37699651928665,273.7456183998175
74.0,NONE,154.8695292073628,347.3502890332702,336.7407704514018,333.8877906646809,324.5264507395029
74.0,Ensemble_rcp45,154.8695292073628,293.23282870390807,289.04251464216173,290.55816015385716,199.2628069787882
74.0,Ensemble_rcp85,154.8695292073628,262.2958291416532,261.3151173399679,244.64301671131764,183.48226253348815
75.0,NONE,78.334489366584,179.8523158232648,175.31598144790058,177.8065179677084,174.96019051649947
75.0,Ensemble_rcp45,78.334489366584,199.331869317476,180.20810675466595,143.38374535465027,123.72629639473854
75.0,Ensemble_rcp85,78.334489366584,195.24027360636313,178.87389076191175,181.63127048027042,174.6043995850983
76.0,NONE,56.4635283652,110.39299384987287,142.36826001506978,141.99966905062945,129.46757625965893
76.0,Ensemble_rcp45,56.4635283652,135.08858846737365,118.5019950675597,121.08213181864187,92.6084798156279
76.0,Ensemble_rcp85,56.4635283652,102.74473133773644,87.26391083124342,101.45466296219536,101.45466296219536
77.0,NONE,115.82933754015001,146.6150452454571,130.0464232989428,132.72156538405713,123.57430535108568
77.0,Ensemble_rcp45,115.82933754015001,139.36627314385711,135.914476905,130.13271820491423,93.97515260288569
77.0,Ensemble_rcp85,115.82933754015001,99.0665520552,94.57921694468574,94.7518067566286,80.59944217731429
78.0,NONE,205.435427679,510.31222832503323,459.30757041852297,465.7717024101466,440.62357247013114
78.0,Ensemble_rcp45,205.435427679,531.2985198594829,532.7153159124416,534.1321119654002,429.5548533063918
78.0,Ensemble_rcp85,205.435427679,494.8160214957983,494.8160214957983,484.2786008519185,393.9578524758065
79.0,NONE,189.98436314100002,255.12185907505713,224.36248599508573,222.19123613061714,220.74373622097144
79.0,Ensemble_rcp45,189.98436314100002,232.77607921990145,244.53701598577285,232.50467298684285,188.6273319757072
79.0,Ensemble_rcp85,189.98436314100002,221.37701743144146,243.54185979789145,219.02483007826714,190.70811309582288
80.0,NONE,185.11845415250002,475.62568771939686,430.0785572732422,439.3122835235348,404.0643092796295
80.0,Ensemble_rcp45,185.11845415250002,473.8499711328022,473.8499711328022,475.80325937805634,433.9851337637505
80.0,Ensemble_rcp85,185.11845415250002,432.0318455184965,410.8120323086895,395.71844132263425,297.876457401265
81.0,NONE,144.3503782461643,377.6956460414442,328.3724039680015,319.4780488400036,317.5913674492162
81.0,Ensemble_rcp45,144.3503782461643,367.27397740661837,306.72048895944107,325.31777695434573,294.322296962838
81.0,Ensemble_rcp85,144.3503782461643,351.8211583963595,324.0599893604874,342.1182255294528,304.7439655976638
82.0,NONE,97.77502587949999,154.99819770759447,121.74567738544192,125.98109325303318,121.6555621542166
82.0,Ensemble_rcp45,97.77502587949999,148.41978582814426,107.50747085183735,129.49558727082166,114.71668934986499
82.0,Ensemble_rcp85,97.77502587949999,148.41978582814426,109.30977547634426,125.71074755935715,115.07715027476638
83.0,NONE,38.32700503315,93.85659604629524,82.35849453635024,81.37803626806034,78.25839632350163
83.0,Ensemble_rcp45,38.32700503315,99.65021308619,97.42189884007664,94.30225889551791,76.74314263614454
83.0,Ensemble_rcp85,38.32700503315,55.796988722678826,56.86657956081325,47.06199687791441,38.32700503315
84.0,NONE,131.356163947,283.62208460393066,267.5376563655224,248.59377421806386,248.0576266101169
84.0,Ensemble_rcp45,131.356163947,335.6284025747838,330.17756856065654,340.36437311164855,221.25024621277004
84.0,Ensemble_rcp85,131.356163947,219.7311613235871,227.23722783484422,179.6988065968823,167.00997987547134
85.0,NONE,115.29900295032779,266.1415708204,249.12507661029997,232.19861676109997,228.95737976869998
85.0,Ensemble_rcp45,115.29900295032779,301.16493721050006,295.4927724738,301.9752464586001,149.3670047331
85.0,Ensemble_rcp85,115.29900295032779,196.81511292739992,191.23298255159992,154.5889976653,159.8109905975
86.0,NONE,143.69615243727586,337.53707744844166,336.10683559484653,327.70416470497537,316.1728397603649
86.0,Ensemble_rcp45,143.69615243727586,378.8353109709999,377.04750865400604,378.8353109709999,331.5479396865124
86.0,Ensemble_rcp85,143.69615243727586,347.1912099602085,346.5654791492606,307.7701688704938,249.30903310479448
87.0,NONE,612.88385852,812.1496873926565,695.4099048174184,738.873023868507,645.5709976410668
87.0,Ensemble_rcp45,612.88385852,1166.8590267558802,1148.8092603730934,1169.0142227418846,637.7584121918006
87.0,Ensemble_rcp85,612.88385852,452.41155739542273,449.8971620784175,452.0523580644219,672.0619483023708
88.0,NONE,109.881523925,128.20994006147774,112.9066023164575,114.33016861831983,109.97049681886638
88.0,Ensemble_rcp45,109.881523925,111.30509022686233,111.57200890846151,111.30509022686233,109.70357813726719
88.0,Ensemble_rcp85,109.881523925,110.50433418206475,114.06324993672062,110.50433418206475,109.70357813726719
89.0,NONE,48.704546888859994,124.07880383917961,112.1226021844407,116.8165183896345,112.1226021844407
89.0,Ensemble_rcp45,48.704546888859994,125.31870623300443,91.04426148941948,95.02966204099911,103.79754325447433
89.0,Ensemble_rcp85,48.704546888859994,130.1011868949,91.66421268633188,96.53525780492919,91.04426148941947
90.0,NONE,108.67525316449999,228.17256082822627,189.0676580158958,188.158241671423,181.88326889456067
90.0,Ensemble_rcp45,108.67525316449999,264.5492146071384,257.0920005824614,264.82203951048024,141.5961248344155
90.0,Ensemble_rcp85,108.67525316449999,132.41101975524015,117.13282516809709,109.49372787452553,146.32508982567407
91.0,NONE,246.4497269915,493.9827494862594,411.83284048909263,406.3260883475243,386.46567078776985
91.0,Ensemble_rcp45,246.4497269915,557.4458110522025,556.3625155489432,557.4458110522025,414.4508046219693
91.0,Ensemble_rcp85,246.4497269915,493.0800032335434,488.74682122050604,293.3925321327383,247.80384637057412
92.0,NONE,229.551783654,412.65096226935583,341.2549350698833,341.2549350698833,331.1329666567936
92.0,Ensemble_rcp45,229.551783654,445.0954860220274,437.5943844301841,440.6671248413007,264.61717422791804
92.0,Ensemble_rcp85,229.551783654,184.9970476928102,186.44304318039445,182.46655558953773,189.69653302745905
93.0,NONE,286.18465953181504,545.8923344979495,555.5430747378871,568.0532935674355,481.1966314079978
93.0,Ensemble_rcp45,286.18465953181504,282.82030425372574,282.82030425372574,282.82030425372574,282.82030425372574
93.0,Ensemble_rcp85,286.18465953181504,282.82030425372574,282.82030425372574,282.82030425372574,282.82030425372574
94.0,NONE,302.5355365375,692.8604028738281,445.0693919954949,511.87932298085946,397.7081740732553
94.0,Ensemble_rcp45,302.5355365375,301.1849314636719,299.2040440220573,313.2503367898698,300.9148104489062
94.0,Ensemble_rcp85,302.5355365375,300.2845280811198,305.14670634690106,299.2040440220573,300.6446894341406
95.0,NONE,653.262927935,1474.3669346110498,1070.7597703560102,1111.4430857582724,958.4774042788423
95.0,Ensemble_rcp45,653.262927935,643.9434019397683,651.4707113974556,643.5849586322593,651.3811005705783
95.0,Ensemble_rcp85,653.262927935,644.5706777279089,654.5174795112813,643.9434019397683,640.717412172188
96.0,NONE,420.5530840694999,1033.0509090732849,704.5162775865126,729.4978496744017,641.8826238265893
96.0,Ensemble_rcp45,420.5530840694999,493.61070316106066,480.13143764601256,473.9309755090904,419.4747428282962
96.0,Ensemble_rcp85,420.5530840694999,421.99087239110514,448.4102328005994,420.5530840695,427.0231315167231
97.0,NONE,315.1901897095,795.6761436814255,615.8744672789604,613.4568152556205,558.2985320564582
97.0,Ensemble_rcp45,315.1901897095,549.7024359734717,539.0468585372698,586.9521856664126,420.492366726083
97.0,Ensemble_rcp85,315.1901897095,421.56687873645615,387.54066507463517,375.4524049579355,341.3366486285835
98.0,NONE,213.0828485795,424.4538264938793,383.72932435521807,380.1253861128586,367.51160226460075
98.0,Ensemble_rcp45,213.0828485795,329.5801522637679,377.872924711384,337.77911176513544,250.8341016682147
98.0,Ensemble_rcp85,213.0828485795,363.00667946165146,403.46088623213575,304.9832737596649,272.27753421025324
99.0,NONE,55.34735449451875,123.39517534696958,112.99267509969599,120.97390373769036,120.16681320126398
99.0,Ensemble_rcp45,55.34735449451875,138.550542086532,136.75700756114,103.48694211511837,99.72051961179518
99.0,Ensemble_rcp85,55.34735449451875,140.70278351700236,135.32217994082637,90.3941400797568,108.5985155124856
100.0,NONE,120.12090297625832,292.17547936866714,246.74018110639315,266.8523855685668,244.5461224377924
100.0,Ensemble_rcp45,120.12090297625832,252.22532777789505,241.34645354608296,232.02170420452978,221.78276375105955
100.0,Ensemble_rcp85,120.12090297625832,244.2718651042173,231.19893220380447,214.37781574453203,213.46362463261502
101.0,NONE,121.39069265561271,288.4102340939942,262.7659623657828,280.681823436177,255.74013449503988
101.0,Ensemble_rcp45,121.39069265561271,280.94529198133,233.16966246027857,246.3430897179214,220.8744636864787
101.0,Ensemble_rcp85,121.39069265561271,237.03386778918713,174.32835404280715,187.2383127552972,217.01025835757008
102.0,NONE,231.719491341,579.8314168383414,500.46083244797603,515.0209843943071,488.38656010223804
102.0,Ensemble_rcp45,231.719491341,527.5391638115796,567.4908002496828,420.1136525002345,331.7761452648724
102.0,Ensemble_rcp85,231.719491341,511.5585092363382,551.3325828458278,373.41462857480695,378.56395060460693
103.0,NONE,108.48099700366248,267.5560724418063,242.12229247204004,248.59468809158625,231.2741927716738
103.0,Ensemble_rcp45,108.48099700366248,225.713402168965,212.58628992650506,210.03379587936,190.43428801735382
103.0,Ensemble_rcp85,108.48099700366248,245.58639153602252,205.0199682867538,188.5199174819951,193.5337450746013
104.0,NONE,249.05397956137716,622.3425783143414,563.9701546119952,564.8599781440432,524.9069015550898
104.0,Ensemble_rcp45,249.05397956137716,583.2793252574361,585.0589723215321,454.6108425233013,403.35700707733906
104.0,Ensemble_rcp85,249.05397956137716,600.3639370727569,582.9233958446171,505.4197662032399,448.3820777989657
105.0,NONE,114.12181917349999,244.1293955759512,209.43636254720724,213.45345058211439,186.4294038018296
105.0,Ensemble_rcp45,114.12181917349999,220.75724700921842,216.92275388498882,167.07434327000405,145.61944126538594
105.0,Ensemble_rcp85,114.12181917349999,221.1224368305736,235.18224495274882,207.70171089577005,172.09570331363804
106.0,NONE,56.585117057000005,133.13096831993388,123.06149079640474,120.47728860010082,112.63557159062681
106.0,Ensemble_rcp45,56.585117057000005,130.45765570306773,133.6656308433071,112.01179864669133,97.48680009505199
106.0,Ensemble_rcp85,56.585117057000005,133.48741000218268,138.29937271254175,117.98219682435905,117.44753430098584
107.0,NONE,34.35886552695,82.00315905765397,69.63396746795199,75.58950415929,71.0999457304352
107.0,Ensemble_rcp45,34.35886552695,87.86707210758678,84.93511558262038,76.78061149755759,71.2831930132456
107.0,Ensemble_rcp85,34.35886552695,86.40109384510359,83.83563188575799,68.99260197811559,76.505740573342
108.0,NONE,155.45388164056365,358.34604815023243,314.1392093804405,301.32824794103135,305.38805966478776
108.0,Ensemble_rcp45,155.45388164056365,345.4448686725176,325.23602809204124,327.1306068964609,333.17521546294273
108.0,Ensemble_rcp85,155.45388164056365,363.48847633365716,326.7697347432381,346.79813924710317,319.3718556021709
109.0,NONE,56.5879920965,146.32674491724882,121.64190427042914,121.10721458132835,118.25553623945748
109.0,Ensemble_rcp45,56.5879920965,140.0886985444063,104.88829401193779,124.67181250866693,114.24536357120158
109.0,Ensemble_rcp85,56.5879920965,145.70294027996457,121.82013416679607,124.67181250866693,117.4535017058063
110.0,NONE,57.752841667,150.1573883342,113.99522439809382,113.99522439809382,113.99522439809382
110.0,Ensemble_rcp45,57.752841667,136.0301547571954,125.36809168021075,142.69394418031075,120.03706014171846
110.0,Ensemble_rcp85,57.752841667,148.82463044957692,128.83326218023075,140.56153156491385,120.03706014171846
111.0,NONE,197.5397378072625,526.2287284901779,408.0198978353644,408.3825016103792,407.29469028533487
111.0,Ensemble_rcp45,197.5397378072625,480.6313037820712,386.2636713344786,508.82374728946917,384.6319543469122
111.0,Ensemble_rcp85,197.5397378072625,482.8069264321598,387.07952982826185,407.2946902853349,393.42509589102025
112.0,NONE,157.06188562033017,397.66613606972743,338.22305241027686,368.4392038619794,329.67979530339676
112.0,Ensemble_rcp45,157.06188562033017,375.63352563619435,285.88436150286384,300.99243722871495,267.1791248899051
112.0,Ensemble_rcp85,157.06188562033017,375.36373856966134,304.0500239827562,299.283785807339,273.7439435088762
113.0,NONE,33.89608402225,84.78664304743631,63.9846627159733,63.9846627159733,63.9846627159733
113.0,Ensemble_rcp45,33.89608402225,88.12981845785002,82.92932337498426,59.527095502088365,76.24297255415686
113.0,Ensemble_rcp85,33.89608402225,88.12981845785002,82.92932337498426,77.72882829211851,71.69253935664932
114.0,NONE,54.20862054649092,111.62948541192188,103.27924831417971,106.61934315327656,101.78499535984687
114.0,Ensemble_rcp45,54.20862054649092,123.23192011615312,103.71873447721877,93.08316933167345,70.8451694818969
114.0,Ensemble_rcp85,54.20862054649092,123.58350904658437,106.0040625250219,89.47938279475314,80.7775567665797
115.0,NONE,350.1542364285308,810.9802975210092,740.0878625242289,750.5668214247813,740.9079549599243
115.0,Ensemble_rcp45,350.1542364285308,836.8587699362865,618.1674537508457,743.2771108852663,498.16059399408505
115.0,Ensemble_rcp85,350.1542364285308,840.6858679695316,721.4991006484662,748.6532724081585,572.0600345884152
116.0,NONE,84.03613975845,196.7334466121764,187.56405200773258,189.37977371158286,182.2076729813743
116.0,Ensemble_rcp45,84.03613975845,199.18467091237432,181.48138429983425,192.2849284377433,156.60599695708555
116.0,Ensemble_rcp85,84.03613975845,199.72938742352943,180.7550956182941,189.10741545600533,183.29710600368446
117.0,NONE,94.8228753391641,198.2059745853173,173.5193491536029,172.8954994134513,168.0829442751387
117.0,Ensemble_rcp45,94.8228753391641,206.4051425987387,160.77499017621963,178.77751124916654,152.7540649456986
117.0,Ensemble_rcp85,94.8228753391641,200.52313076302335,151.6846082482959,168.7959154067405,147.49590285013494
118.0,NONE,122.2382617076143,302.7641406414154,279.48857907859184,273.7606088502408,272.3058862525643
118.0,Ensemble_rcp45,122.2382617076143,288.48967515171495,277.57925566914145,293.4902840812278,199.56975636874083
118.0,Ensemble_rcp85,122.2382617076143,217.48102835263228,207.02520968183268,212.11673877370032,187.47737477555518
119.0,NONE,112.74632148797417,293.13525451204697,252.9797401953281,276.5376419278032,239.59456875642184
119.0,Ensemble_rcp45,112.74632148797417,293.4921924170844,257.5306984845563,274.66371792635624,258.60151219966866
119.0,Ensemble_rcp85,112.74632148797417,293.58142689334386,263.50940839393445,271.4512767810188,255.12136762555306
120.0,NONE,38.880373297324,102.38228138224763,83.10419277592109,100.64551664293892,78.15441326889132
120.0,Ensemble_rcp45,38.880373297324,94.65367829232392,62.69720708904392,84.05941338254085,59.6578687952537
120.0,Ensemble_rcp85,38.880373297324,97.43250187521784,65.6497071458687,85.62250164791871,63.30507474780196
121.0,NONE,187.23662157095387,399.1612086482783,388.8458066270307,393.51016232359484,389.2943023670849
121.0,Ensemble_rcp45,187.23662157095387,416.29374591835045,326.32550046346887,298.8775611721491,316.4585941822756
121.0,Ensemble_rcp85,187.23662157095387,417.3701356944806,326.5945979075015,296.7247816198887,358.34809630334206
122.0,NONE,146.9867812453648,373.33590536619647,321.0387922893011,320.41936793813665,305.64167270321013
122.0,Ensemble_rcp45,146.9867812453648,300.8632562799403,312.1898729869498,298.7395156473761,265.73304664960637
122.0,Ensemble_rcp85,146.9867812453648,292.10282617061273,278.29851205894494,261.30858699843077,239.45175632162326
123.0,NONE,302.6003108323072,735.1596530357187,716.7761997065905,663.4998810780008,648.9537505311664
123.0,Ensemble_rcp45,302.6003108323072,708.5661137537761,666.9802436014764,672.0669272896333,468.95654002217805
123.0,Ensemble_rcp85,302.6003108323072,578.9895398028337,542.0441530151684,461.90657491052224,370.25702845899474
124.0,NONE,118.37146724376521,256.8640917251846,232.15698251762052,239.1648171292205,242.8484225019846
124.0,Ensemble_rcp45,118.37146724376521,317.8681904594974,287.05168697515387,173.03960848643078,157.40674666055386
124.0,Ensemble_rcp85,118.37146724376521,317.8681904594974,288.3993474773846,172.77007638598462,163.06692076992312
125.0,NONE,192.9077940545,303.4845018704975,251.62660988910307,264.992045966782,232.82589647316792
125.0,Ensemble_rcp45,192.9077940545,393.9239526627921,389.37970439638116,394.9931875490064,216.3418586440304
125.0,Ensemble_rcp85,192.9077940545,247.43877325143035,245.5676122005553,195.66998417722033,197.71935104246447
126.0,NONE,92.33954770028096,209.16342383802206,207.99239691730958,200.60591941743112,198.0837075882043
126.0,Ensemble_rcp45,92.33954770028096,237.8986228924273,234.02522615468618,238.88949182533784,162.86282097293008
126.0,Ensemble_rcp85,92.33954770028096,199.07457652111484,199.07457652111484,182.04964667383393,146.28828609515412
127.0,NONE,68.3731169105,53.44722080062615,49.06776625341765,48.352753266118306,48.263376642705886
127.0,Ensemble_rcp45,68.3731169105,51.39155846214052,55.50288313911177,55.77101300934903,49.782779240717
127.0,Ensemble_rcp85,68.3731169105,50.22966235777908,50.22966235777908,36.46566235226666,35.84002598837974
128.0,NONE,105.994404382,233.90326367842195,210.28932042369794,216.72948676589536,200.09239038188528
128.0,Ensemble_rcp45,105.994404382,230.50428699781773,227.28420382671905,233.72437016891647,182.20303943133675
128.0,Ensemble_rcp85,105.994404382,211.54157499023634,211.80991525449457,199.9134968723798,152.3278233439207
129.0,NONE,97.1799915025,212.60415122103538,183.63351224481846,192.8014359714694,179.23290885602603
129.0,Ensemble_rcp45,97.1799915025,206.00324613784667,204.07798215525,199.58569952919103,188.5841910572099
129.0,Ensemble_rcp85,97.1799915025,204.261340629783,205.81988766331366,202.2443974099198,182.16664444855425
130.0,NONE,68.163516525,155.30228224479728,130.8923743000338,145.72254478722974,146.73578624908782
130.0,Ensemble_rcp45,68.163516525,163.96089110067564,121.40474970263513,139.18253171523645,125.82616699074326
130.0,Ensemble_rcp85,68.163516525,172.4352742362162,159.3552480922297,125.27348982972973,124.90503838905406
131.0,NONE,129.611080999,314.6138450354673,295.2403992440379,301.1524836404835,293.23938606370245
131.0,Ensemble_rcp45,129.611080999,298.51478444822305,255.12918049276834,279.8689798132792,256.67541795030024
131.0,Ensemble_rcp85,129.611080999,299.6972013275122,257.4030591067859,280.7785312588863,249.9447372528083
132.0,NONE,125.494169133,184.90076142761438,173.7055981380518,168.1080164932705,164.13553919697407
132.0,Ensemble_rcp45,125.494169133,167.74688219360718,167.74688219360718,169.4622701170079,153.93349523148558
132.0,Ensemble_rcp85,125.494169133,154.83633098064388,154.83633098064388,152.66952518266405,142.19663049242806
133.0,NONE,131.365919141,252.31316193633444,249.32345481105654,248.96106606859863,224.40922876707378
133.0,Ensemble_rcp45,131.365919141,130.9129332129276,151.38789716180068,130.9129332129276,163.5279200341414
133.0,Ensemble_rcp85,131.365919141,130.9129332129276,130.9129332129276,130.9129332129276,130.9129332129276
134.0,NONE,28.621917157043004,72.7495853527809,63.279748816591656,69.91748470644394,61.598189057829074
134.0,Ensemble_rcp45,28.621917157043004,72.74958535278091,53.27889340921424,54.96045316797681,43.01252856624273
134.0,Ensemble_rcp85,28.621917157043004,74.51964825674152,60.978667041442876,54.96045316797681,43.36654114703485
135.0,NONE,119.24551401791634,272.1685179637594,254.01810455573818,261.38348970681926,254.6318866516616
135.0,Ensemble_rcp45,119.24551401791634,233.41256276402314,197.72551804390386,229.90523650160355,174.1387489291322
135.0,Ensemble_rcp85,119.24551401791634,203.24955690721475,183.78389615078603,200.61906221040005,180.36425304492695
136.0,NONE,77.734423444328,180.25965246555327,163.7513829635381,172.62679667429896,154.96472338988482
136.0,Ensemble_rcp45,77.734423444328,160.02370920501846,148.84068792945982,149.46196688921302,129.04851535446298
136.0,Ensemble_rcp85,77.734423444328,153.27839478484017,142.09537350928147,139.1664869847304,124.965825047513
137.0,NONE,90.97692306249999,197.44694589405938,187.80879661912127,193.75382327469055,191.41184307704205
137.0,Ensemble_rcp45,90.97692306249999,174.56760088626237,131.5111957141089,157.4531302111386,138.71728862995047
137.0,Ensemble_rcp85,90.97692306249999,224.46979432846535,184.7462071298886,142.5905635722153,172.0454683657178
138.0,NONE,147.1654628470655,384.3777528639072,356.52041049607,354.46682435997946,348.1274932442217
138.0,Ensemble_rcp45,147.1654628470655,391.9670929320679,391.9670929320679,391.6992338708387,321.7880188900166
138.0,Ensemble_rcp85,147.1654628470655,356.78826955729903,356.78826955729903,227.68020204482298,187.94777462915786
139.0,NONE,79.7239991810769,182.4807514036848,174.07644438166304,174.79170455375,160.12887102596738
139.0,Ensemble_rcp45,79.7239991810769,211.18056580867395,204.92203930291308,209.7500454645,208.2301175988152
139.0,Ensemble_rcp85,79.7239991810769,211.44878837320655,205.19026186744568,210.19708307205437,206.62078221161957
140.0,NONE,23.843150456950003,4.048836870048113,2.6092504273643398,2.6092504273643398,2.6092504273643398
140.0,Ensemble_rcp45,23.843150456950003,5.848319923402831,5.848319923402831,5.848319923402831,2.2493538166933966
140.0,Ensemble_rcp85,23.843150456950003,5.3984491600641515,5.3984491600641515,2.879172885367548,2.6092504273643398
141.0,NONE,70.9313250485,95.51497683549566,90.40439689411305,87.76099347615651,80.62380424767392
141.0,Ensemble_rcp45,70.9313250485,114.72370833931303,121.24410343693914,132.7869650286826,108.55576703074783
141.0,Ensemble_rcp85,70.9313250485,124.68052788028258,124.68052788028258,115.95729660102609,116.22163694282172
142.0,NONE,9.92886686275,21.211670115875002,17.240123370775,17.962222778975,16.156974258475
142.0,Ensemble_rcp45,9.92886686275,22.294819228175,22.294819228175,17.87196035295,16.518023962575
142.0,Ensemble_rcp85,9.92886686275,22.294819228175,22.294819228175,20.309045855625,16.156974258475003
143.0,NONE,28.25360630175,66.61001728109547,62.15793386385,63.87027363971364,60.78806204315909
143.0,Ensemble_rcp45,28.25360630175,57.36338249143182,57.79146743539773,37.32900711382727,31.678285853477277
143.0,Ensemble_rcp85,28.25360630175,49.40100253366592,56.079127659534095,42.037941497452266,42.03794149745227
144.0,NONE,90.11620160433334,244.9587226149537,194.35776020617132,219.30063743594215,193.1955472886551
144.0,Ensemble_rcp45,90.11620160433334,246.38913851343517,188.36789363128014,200.07942380009723,177.37157141170377
144.0,Ensemble_rcp85,90.11620160433334,247.6407524246065,187.2056807137639,210.62874105139818,178.08677936094452
145.0,NONE,56.96168511976364,114.09917790964995,88.43125807173179,94.05710351565908,82.36589345249772
145.0,Ensemble_rcp45,56.96168511976364,67.77385683231135,70.93839489452044,62.76333823381363,48.69872462399545
145.0,Ensemble_rcp85,56.96168511976364,49.57776297460909,49.57776297460909,48.347109283749994,48.347109283749994
146.0,NONE,41.228713160800005,53.02101176378151,53.0210117637815,65.34529376238625,55.85825654043871
146.0,Ensemble_rcp45,41.228713160800005,70.39913602080689,70.39913602080689,94.51571662239313,58.69550131709592
146.0,Ensemble_rcp85,41.228713160800005,89.01855486761981,74.83233098433378,68.00521074050236,68.8031858339372
147.0,NONE,61.738585706500004,152.94945977216133,121.85484361341314,135.01372465450658,111.03932494950074
147.0,Ensemble_rcp45,61.738585706500004,158.4473484263168,145.91937264061823,136.0952765208978,95.89759882002336
147.0,Ensemble_rcp85,61.738585706500004,160.15980554810295,145.91937264061823,143.03523433024162,117.799024114446
148.0,NONE,28.096752345,29.728176674709673,22.205497821048382,22.56803656098387,20.845977546290325
148.0,Ensemble_rcp45,28.096752345,23.47438341082258,19.305187901564516,21.2085162862258,18.398841051725803
148.0,Ensemble_rcp85,28.096752345,21.2085162862258,18.489475736709675,18.85201447664516,19.0332838466129
149.0,NONE,133.7237100835,284.582187086174,247.13954826279394,222.8426300916902,220.30414610366444
149.0,Ensemble_rcp45,133.7237100835,278.7799379706865,281.8623828132892,239.88673686843464,230.63940234062645
149.0,Ensemble_rcp85,133.7237100835,261.1918703393651,285.0354877983214,245.3263454142041,221.5733880976773
150.0,NONE,26.66450001695,66.07372716064557,60.6504390216049,64.3563525832827,61.1023796998583
150.0,Ensemble_rcp45,26.66450001695,68.96614750146728,53.41938816955067,59.02345257989271,46.09794918184576
150.0,Ensemble_rcp85,26.66450001695,69.2373119084193,62.18703732766643,61.373544106810336,47.81532375920864
151.0,NONE,139.02198661780002,361.4521796589743,294.04134815257567,289.79428504158267,289.34246981700903
151.0,Ensemble_rcp45,139.02198661780002,338.9517814752031,313.9212180338192,333.6203618252333,294.1317111974904
151.0,Ensemble_rcp85,139.02198661780002,352.86769039207365,314.10194412364865,347.2651816073595,320.8791724922545
152.0,NONE,13.051827139950001,29.758165879086,26.016642098966997,23.493288851910002,26.277678641766002
152.0,Ensemble_rcp45,13.051827139950001,33.934750563870004,33.847738382937,33.934750563870004,24.711459384972002
152.0,Ensemble_rcp85,13.051827139950001,26.451703003632005,25.842617737101005,22.188106137915,21.317984328585
153.0,NONE,17.23488884795,36.239847361365136,28.60059933146297,27.110014350018652,24.967298439192433
153.0,Ensemble_rcp45,17.23488884795,36.61249360672622,36.42617048404568,31.302284610330812,29.06640713816433
153.0,Ensemble_rcp85,17.23488884795,36.9851398520873,35.68087799332352,34.65610081858054,32.79286959177514
154.0,NONE,13.415200829735001,12.666345918984241,9.585342857609696,9.585342857609696,9.585342857609696
154.0,Ensemble_rcp45,13.415200829735001,13.351013265956361,13.351013265956361,13.351013265956361,10.612343878067879
154.0,Ensemble_rcp85,13.415200829735001,12.324012245498182,12.324012245498182,12.324012245498182,6.076422704377577
155.0,NONE,20.157623037400004,18.992960373016892,12.632110436770668,13.348825922544892,11.915394950996447
155.0,Ensemble_rcp45,20.157623037400004,24.457915952045344,22.57653780188801,24.457915952045344,10.750732286613333
155.0,Ensemble_rcp85,20.157623037400004,19.44090755162578,20.695159651730677,20.06803360167823,18.903370937295115
156.0,NONE,8.23428396215,11.033940509280999,10.045826433822999,9.222398037607999,9.222398037607999
156.0,Ensemble_rcp45,8.23428396215,12.845482980954,11.857368905496,12.845482980954,6.093370131991
156.0,Ensemble_rcp85,8.23428396215,9.551769396094,9.551769396094,9.551769396094,8.6459981602575
157.0,NONE,26.32222726862667,64.43542291051645,63.827541562304035,61.743376939861456,62.00389751766677
157.0,Ensemble_rcp45,26.32222726862667,62.35125828807387,56.09876442074613,58.703970198799354,33.86767511469193
157.0,Ensemble_rcp85,26.32222726862667,29.351985099399677,26.920459706549998,26.920459706549998,28.744103751187257
158.0,NONE,16.02180761585588,39.0241357755135,31.219308620410807,35.476487068648645,30.509778879037835
158.0,Ensemble_rcp45,16.02180761585588,32.46098566781351,34.146118803574325,24.124011206681082,22.350186853248644
158.0,Ensemble_rcp85,16.02180761585588,33.880045150559454,39.91104795222972,26.696056519158102,23.414481465308103
159.0,NONE,25.260309037650003,52.67242217850724,48.55592737237168,46.77835006972224,46.123453168746124
159.0,Ensemble_rcp45,25.260309037650003,59.59561798882612,56.97603038492168,59.59561798882612,25.63453583820778
159.0,Ensemble_rcp85,25.260309037650003,50.42706137516057,50.42706137516056,43.223195464423334,42.66185526358667
160.0,NONE,128.3427856012,291.35372103918377,269.81120348355915,258.1570546419919,252.1534022084572
160.0,Ensemble_rcp45,128.3427856012,333.73244409942873,332.49639801017156,333.9973111185552,175.34196666176328
160.0,Ensemble_rcp85,128.3427856012,151.32735692762444,151.32735692762444,128.46050427636732,165.10044192220408
161.0,NONE,11.5234075865,29.783576531261534,23.755947947553842,23.57866475391538,23.224098366638458
161.0,Ensemble_rcp45,11.5234075865,27.03568702986538,24.90828870620384,25.97198786803461,22.51496559208461
161.0,Ensemble_rcp85,11.5234075865,25.97198786803461,23.844589544373072,27.30161182032307,24.376439125288456
162.0,NONE,156.2747852470579,351.57066269193894,306.88944134647505,319.8234791043723,300.4676463757707
162.0,Ensemble_rcp45,156.2747852470579,282.9207699769447,302.72884178799046,246.56074774844984,223.4965545438076
162.0,Ensemble_rcp85,156.2747852470579,329.77273891813957,317.833627141619,223.58700236029648,217.2556552060809
163.0,NONE,30.286478534193844,78.32617421536972,69.08054563315457,71.34834132313188,69.51666018891945
163.0,Ensemble_rcp45,30.286478534193844,82.33842812840648,66.89997285433026,66.46385829856538,65.1555146312708
163.0,Ensemble_rcp85,30.286478534193844,83.03621141763026,67.24886449894215,67.16164158778918,60.96881489592809
164.0,NONE,480.07543234799994,1178.0485258515184,1167.8093117658923,1159.3664510286217,1111.4038166275302
164.0,Ensemble_rcp45,480.07543234799994,1245.321958747431,1245.4117764148484,1247.0284944283685,1023.6519555603658
164.0,Ensemble_rcp85,480.07543234799994,996.0779316631094,993.5630369754118,835.7533953223835,907.4278939217664
165.0,NONE,16.19992191779,39.572792377040486,41.30524181290171,45.86431927569439,38.569795335226104
165.0,Ensemble_rcp45,16.19992191779,46.2290454727178,37.29325364564415,40.211063221831466,35.46962266052708
165.0,Ensemble_rcp85,16.19992191779,47.232042514532196,37.56679829341171,40.211063221831466,36.19907505457391
166.0,NONE,13.255949009550001,30.873532854500322,23.347574707142908,28.393387555939352,17.959672851648392
166.0,Ensemble_rcp45,13.255949009550001,32.583977887990656,21.893696428676133,23.775185965515487,15.99266106313452
166.0,Ensemble_rcp85,13.255949009550001,32.583977887990656,22.235785435374193,23.347574707142908,15.99266106313452
167.0,NONE,6.2893299587,16.35225789262,15.578186513087688,15.868463280412305,15.868463280412305
167.0,Ensemble_rcp45,6.2893299587,16.35225789262,12.675418839841537,15.48142759064615,12.675418839841536
167.0,Ensemble_rcp85,6.2893299587,16.35225789262,12.675418839841537,16.15874004773692,12.772177762283073
168.0,NONE,18.456395308991997,25.23951495246769,24.253596399636923,23.76063712322154,23.76063712322154
168.0,Ensemble_rcp45,18.456395308991997,23.957820833787693,22.97190228095692,23.26767784680615,21.295840741144612
168.0,Ensemble_rcp85,18.456395308991997,23.957820833787693,21.197248885861537,23.26767784680615,18.535268793218457
169.0,NONE,13.422079579199998,25.78956719146285,24.543231230537142,24.734975224525716,20.900095344754284
169.0,Ensemble_rcp45,13.422079579199998,23.872127251577137,26.268927176434286,20.804223347759997,19.174399398857137
169.0,Ensemble_rcp85,13.422079579199998,26.07718318244571,27.22764714637714,20.1331193688,19.174399398857137
170.0,NONE,8.908532295,20.817833363052635,17.81706459,18.754804831578948,18.285934710789473
170.0,Ensemble_rcp45,8.908532295,19.786319097315793,18.192160686631578,16.691776300105264,13.503459478736842
170.0,Ensemble_rcp85,8.908532295,18.098386662473686,18.942352879894738,16.691776300105264,15.378939961894737
171.0,NONE,23.947765490149997,23.33818600494618,23.686517139348364,19.15821239212,22.641523736141817
171.0,Ensemble_rcp45,23.947765490149997,25.776503945761455,25.07984167695709,25.776503945761455,18.72279847411727
171.0,Ensemble_rcp85,23.947765490149997,14.020328159687816,14.020328159687816,11.843258569674182,13.671997025285636
172.0,NONE,17.177843666947503,37.047887393977994,36.404973946794,36.646066489488,36.404973946794
172.0,Ensemble_rcp45,17.177843666947503,36.003153042304,35.520967956915996,33.592227615363996,36.485338127691996
172.0,Ensemble_rcp85,17.177843666947503,36.726430670386,35.199511233323996,33.270770891771996,36.163881404099996
173.0,NONE,12.604545572349998,22.948965731726894,23.296677333722762,22.427398328733105,21.123479821248623
173.0,Ensemble_rcp45,12.604545572349998,30.337837274138966,30.250909373639995,30.511693075136893,17.03786849779724
173.0,Ensemble_rcp85,12.604545572349998,26.339153851186552,25.12216324420104,17.21172429879517,20.254200816258965
174.0,NONE,11.718382501699999,3.385310500491111,2.5172821670318517,3.211704833799259,2.5172821670318517
174.0,Ensemble_rcp45,11.718382501699999,3.385310500491111,2.5172821670318517,3.211704833799259,2.5172821670318517
174.0,Ensemble_rcp85,11.718382501699999,3.385310500491111,2.5172821670318517,3.211704833799259,2.5172821670318517
175.0,NONE,31.003584686623334,71.6434186677377,65.85582303484824,53.84217755445649,53.05295996815338
175.0,Ensemble_rcp45,31.003584686623334,74.09876226956959,74.09876226956959,74.09876226956959,73.04647215449879
175.0,Ensemble_rcp85,31.003584686623334,67.78502157914474,67.78502157914474,29.72719575075041,28.49952394983446
176.0,NONE,16.557728936466667,44.2072183767054,43.727747461556746,43.727747461556746,43.727747461556746
176.0,Ensemble_rcp45,16.557728936466667,23.877651574402698,23.877651574402698,23.877651574402698,22.726921378045944
176.0,Ensemble_rcp85,16.557728936466667,23.110498110164862,23.110498110164862,23.110498110164862,19.082942422916215
177.0,NONE,63.508966360753845,118.67328017498893,109.57256850512776,115.67004532393473,113.5768816398667
177.0,Ensemble_rcp45,63.508966360753845,116.21608802412642,106.29631230397781,109.29954715503197,98.1966789178014
177.0,Ensemble_rcp85,63.508966360753845,118.12723747479725,104.11214150321113,104.20314861990973,99.37977143488334
178.0,NONE,19.89843685205,25.994979206720643,23.96279842183043,25.740956608609366,22.26931443442192
178.0,Ensemble_rcp45,19.89843685205,42.92981908080574,42.92981908080574,42.92981908080574,35.393815336837875
178.0,Ensemble_rcp85,19.89843685205,16.511468877232982,16.511468877232982,16.511468877232982,16.85016567471468
179.0,NONE,10.171398155254286,23.643363641190838,22.834275151568335,22.834275151568335,22.834275151568335
179.0,Ensemble_rcp45,10.171398155254286,21.485794335530837,18.42923781917917,15.822174908173334,14.473694092135831
179.0,Ensemble_rcp85,10.171398155254286,21.3059968933925,18.519136540248333,18.519136540248333,18.519136540248333
180.0,NONE,40.19192090172,104.04470575657187,91.44135222420365,95.37431361019091,83.75420042431945
180.0,Ensemble_rcp45,40.19192090172,104.31286221470737,102.7039234658944,101.09498471708142,94.92738617996504
180.0,Ensemble_rcp85,40.19192090172,99.48604596826846,99.21788951013296,96.53632492877801,89.20671507307452
181.0,NONE,19.320144854495997,32.56615325852545,35.310492016266366,35.859359767814546,33.75536672021318
181.0,Ensemble_rcp45,19.320144854495997,39.15256627710364,35.58492589204045,32.84058713429954,36.68266139513682
181.0,Ensemble_rcp85,19.320144854495997,39.244044235695,35.859359767814546,32.29171938275136,36.22527160218
182.0,NONE,19.4761577981,33.67211281538178,33.239309308757335,32.54682369815822,31.508095282259553
182.0,Ensemble_rcp45,19.4761577981,28.73815283986312,27.439742319989783,27.35318161866489,27.785985125289344
182.0,Ensemble_rcp85,19.4761577981,28.391910034563566,28.391910034563566,27.785985125289344,27.006938813365338
183.0,NONE,12.0958539891,2.2399729609444443,4.0319513297,2.5983686346955555,2.5983686346955555
183.0,Ensemble_rcp45,12.0958539891,5.823929698455555,5.823929698455555,5.823929698455555,4.0319513297
183.0,Ensemble_rcp85,12.0958539891,2.2399729609444443,2.2399729609444443,2.2399729609444443,2.2399729609444443
184.0,NONE,61.937542429507694,160.7815305183972,144.5021719107324,156.66596233106623,142.67303049414082
184.0,Ensemble_rcp45,61.937542429507694,161.9704724391817,125.47910117818027,140.3866037234014,120.81479056587182
184.0,Ensemble_rcp85,61.937542429507694,164.25689920992113,127.0338713822831,142.21574513999295,122.4610178408042
185.0,NONE,27.1081536756,53.01150052117333,48.70861898536381,48.70861898536381,48.70861898536381
185.0,Ensemble_rcp45,27.1081536756,64.54322303714287,64.54322303714287,63.85476199141334,54.904768396929526
185.0,Ensemble_rcp85,27.1081536756,54.474480243348566,54.474480243348566,46.643235848175244,24.95671290769524
186.0,NONE,12.2711277002,31.904932020519997,25.674974880418457,31.14978570050769,25.297401720412303
186.0,Ensemble_rcp45,12.2711277002,17.17957878028,17.273972070281538,13.970206920227689,13.781420340224614
186.0,Ensemble_rcp85,12.2711277002,14.536566660236922,13.781420340224614,13.592633760221535,13.781420340224614
187.0,NONE,33.92067328585,53.63989135602413,49.20759004667306,48.303038759050395,49.38850030419759
187.0,Ensemble_rcp45,33.92067328585,44.95619899484653,44.59437847979746,43.9611925784616,39.70980152663506
187.0,Ensemble_rcp85,33.92067328585,48.39349388781267,43.23755154836347,42.513910518265334,43.870737449699334
188.0,NONE,14.828197937799999,27.650227919309412,24.771813025501174,26.167408125529406,24.074015475487055
188.0,Ensemble_rcp45,14.828197937799999,29.045823019337643,28.348025469323527,27.30132914430235,26.690756288039996
188.0,Ensemble_rcp85,14.828197937799999,30.354193425614117,30.179744038110584,21.718948744189408,22.765645069210585
189.0,NONE,57.5998758615,140.38295326244653,139.6685361974977,132.79227194736512,127.16623756089302
189.0,Ensemble_rcp45,57.5998758615,149.75967723990001,149.75967723990001,149.75967723990001,125.82670556411395
189.0,Ensemble_rcp85,57.5998758615,138.32900420071863,138.32900420071863,138.32900420071863,132.79227194736512
190.0,NONE,26.3813013683,67.07110517364407,61.34770419882644,61.34770419882645,55.62430322400882
190.0,Ensemble_rcp45,26.3813013683,64.92482980808745,63.31512328391999,63.22569514368846,61.168847918363376
190.0,Ensemble_rcp85,26.3813013683,65.55082678970813,63.404551424151514,64.11997654600373,62.241985601141685
191.0,NONE,8.589537156354002,12.181848762116957,10.848069700571305,12.359685970323044,9.69212784723174
191.0,Ensemble_rcp45,8.589537156354002,16.627778967269133,17.250209195990436,9.781046451334785,10.403476680056087
191.0,Ensemble_rcp85,8.589537156354002,8.269430181583044,14.76048828110522,6.668895307728261,7.380244140552609
192.0,NONE,22.946412659902858,53.016711603108895,42.69332551537482,43.21824345203926,42.25589390148779
192.0,Ensemble_rcp45,22.946412659902858,53.279170571441114,38.14403673094964,39.63130421816556,45.84283313536149
192.0,Ensemble_rcp85,22.946412659902858,39.893763186497786,37.7066051170626,49.69223133756742,37.09420085762075
193.0,NONE,16.716830767853335,44.363897037764616,37.700544913515394,39.191031572886935,36.38540962583462
193.0,Ensemble_rcp45,16.716830767853335,38.13892334274231,34.63189590892693,37.17449079844308,34.719571594772304
193.0,Ensemble_rcp85,16.716830767853335,41.29524803317616,38.48962608612385,43.048761750083855,35.59632845322616
194.0,NONE,14.764974582449998,20.323553248784116,20.149847665461174,19.889289290476764,19.715583707153822
194.0,Ensemble_rcp45,14.764974582449998,18.152233457247352,17.457411123955588,18.065380665585884,16.06776645737206
194.0,Ensemble_rcp85,14.764974582449998,16.15461924903353,15.98091366571059,16.06776645737206,16.06776645737206
195.0,NONE,16.5590459131775,41.584370939859284,36.438201282631184,37.60023959232785,36.60420675544499
195.0,Ensemble_rcp45,16.5590459131775,39.59230526609357,35.19316023652762,38.59627242921071,31.126026152589283
195.0,Ensemble_rcp85,16.5590459131775,40.83734631219714,40.1733244209419,39.260294320465945,31.956053516658336
196.0,NONE,50.366563543,73.5440972088053,63.559928860458406,60.61816497210619,64.89709426425487
196.0,Ensemble_rcp45,50.366563543,78.80361446373804,77.28816033943541,78.80361446373804,58.92442212729733
196.0,Ensemble_rcp85,50.366563543,71.49377692298408,72.11778744475575,66.50169274881063,59.63757700932212
197.0,NONE,40.92347314919999,94.12398824315999,67.33771490913817,69.94193592772362,67.33771490913817
197.0,Ensemble_rcp45,40.92347314919999,40.9234731492,43.89972574186909,40.9234731492,56.54879926071272
197.0,Ensemble_rcp85,40.92347314919999,40.9234731492,40.9234731492,40.9234731492,40.9234731492
198.0,NONE,15.13529586205,38.12202645253843,33.20305529737218,36.04092327150656,30.2705917241
198.0,Ensemble_rcp45,15.13529586205,36.892283663746866,35.28415847840406,27.811106146516877,24.31106897841781
198.0,Ensemble_rcp85,15.13529586205,37.17607046116031,37.08147486202249,35.00037168099062,28.47327534048156
199.0,NONE,28.729990031699998,74.51261930802194,45.87530666352097,59.68423735617677,45.50459711472484
199.0,Ensemble_rcp45,28.729990031699998,72.19568462804612,71.63962030485193,42.44624333715677,68.48858914008484
199.0,Ensemble_rcp85,28.729990031699998,73.21513588723548,72.47371678964322,58.294076548191285,42.075533788360644
200.0,NONE,20.876892323449997,53.48037948390169,50.10454157627999,50.72640645399978,49.39383885888595
200.0,Ensemble_rcp45,20.876892323449997,37.48956834253574,34.82443315230808,32.95883851914872,28.96113573380723
200.0,Ensemble_rcp85,20.876892323449997,42.55332520396829,32.24813580175468,29.760676290875526,27.895081657716165
201.0,NONE,45.855257891625,120.78722966069114,105.51738306467644,104.60302099305879,103.41435029995586
201.0,Ensemble_rcp45,45.855257891625,97.56243304160292,104.87732961454411,85.58428990341174,61.445131212705874
201.0,Ensemble_rcp85,45.855257891625,115.94111068111762,92.53344164770584,100.30551925645587,72.87465710792647
202.0,NONE,62.696279638499995,147.21600273442905,132.67615061251013,135.44564625478043,125.75241150683443
202.0,Ensemble_rcp45,62.696279638499995,136.74384733709456,140.81154406167906,153.7935548848209,146.86981577914526
202.0,Ensemble_rcp85,62.696279638499995,138.99406254643918,136.2245669041689,111.1260126460946,129.5604680149561
203.0,NONE,31.5734543712,80.5790131276259,61.012365348290714,62.79115151004845,53.185706236556626
203.0,Ensemble_rcp45,31.5734543712,60.300850883587614,43.04662511453746,57.45479302477522,43.224503730713245
203.0,Ensemble_rcp85,31.5734543712,45.18116850864676,46.871015362316626,41.26783895277971,38.86647763440676
204.0,NONE,132.9270077110345,346.50333834039884,297.6041853980732,291.8724165550166,291.7828576668439
204.0,Ensemble_rcp45,132.9270077110345,345.87642612318945,336.56230175322264,337.8161261876413,207.9557383371429
204.0,Ensemble_rcp85,132.9270077110345,257.39224460850494,247.98856135036547,249.51106244930233,241.54032140192692
205.0,NONE,18.8621432236,46.02362946558401,40.49073411999468,45.352975484300444,45.185311988979564
205.0,Ensemble_rcp45,18.8621432236,41.74821033490134,38.39494042848356,33.70036255949867,34.8740070267449
205.0,Ensemble_rcp85,18.8621432236,47.44876917581156,40.82606111063645,36.63447372761423,36.215314989312006
206.0,NONE,20.90873390585,50.46608047275613,42.76786480742045,45.61905579458181,42.00754721084409
206.0,Ensemble_rcp45,20.90873390585,54.362708155209994,46.569452790302265,35.734927039089094,37.065482833097725
206.0,Ensemble_rcp85,20.90873390585,54.362708155209994,46.66449248987431,38.77619742539454,32.50357725363954
207.0,NONE,43.31296312545,33.9432200819853,32.35213164064224,32.35213164064224,32.35213164064224
207.0,Ensemble_rcp45,43.31296312545,32.61731304753275,32.352131640642234,33.05928205901693,20.330574528272443
207.0,Ensemble_rcp85,43.31296312545,20.330574528272443,20.330574528272443,20.330574528272443,26.16456547986367
208.0,NONE,13.100059230203076,29.31268213663,29.05925837176,26.60949531135,28.80583460689
208.0,Ensemble_rcp45,13.100059230203076,30.15742801953,25.76474942845,25.00447813384,28.13003790057
208.0,Ensemble_rcp85,13.100059230203076,25.93369860503,22.55471507343,15.796748010229999,26.01817319332
209.0,NONE,226.63213608220798,414.9009417286154,396.6241565606954,385.2459618728236,374.4949117740471
209.0,Ensemble_rcp45,226.63213608220798,503.1491446227389,501.62607919207903,503.1491446227389,335.7015393342953
209.0,Ensemble_rcp85,226.63213608220798,269.0450287218811,272.1807516673576,219.85897451997874,250.8578356381176
210.0,NONE,21.090751800011333,48.82063877665469,45.90201363239816,44.84069539812306,45.90201363239816
210.0,Ensemble_rcp45,21.090751800011333,44.57536583955428,34.66972898632,38.03057006152449,37.05769501343899
210.0,Ensemble_rcp85,21.090751800011333,53.0659117137551,38.295899620093266,31.4857742834947,39.18033148198919
211.0,NONE,11.061537606999998,28.104499253340734,24.49925736661481,24.827006629044437,24.17150810418518
211.0,Ensemble_rcp45,11.061537606999998,27.776749990911103,24.335382735399996,24.990881260259258,23.761821526148143
211.0,Ensemble_rcp85,11.061537606999998,28.104499253340734,24.82700662904444,24.82700662904444,24.089570788577774
212.0,NONE,30.737897952503,68.72669260088455,62.63815339060485,64.85216764888838,65.59017240164957
212.0,Ensemble_rcp45,30.737897952503,71.77096220602442,70.84845626507295,62.176900420129115,63.65290992565146
212.0,Ensemble_rcp85,30.737897952503,69.92595032412147,69.64919854183603,52.30608685194837,64.11416289612721
213.0,NONE,21.313531238233686,46.458813806769605,48.14984342808879,50.1078777264584,46.8148200428368
213.0,Ensemble_rcp45,21.313531238233686,45.83580289365201,39.160685967392006,43.788767036265604,40.67371247067761
213.0,Ensemble_rcp85,21.313531238233686,46.636816924803206,39.7836968805096,43.9667701542992,41.0297187067448
214.0,NONE,56.77518787298182,138.26594260609252,120.74535187635672,127.47740151635372,112.80498563430893
214.0,Ensemble_rcp45,56.77518787298182,128.7720264471224,123.93876003891943,113.23652727789852,77.24595420252986
214.0,Ensemble_rcp85,56.77518787298182,115.22161883841044,115.91208546815373,88.63865359329402,101.67121122969849
215.0,NONE,96.25964267380951,236.24117750267854,194.6041167174107,206.39830560937494,197.1059143611607
215.0,Ensemble_rcp45,96.25964267380951,243.38917077053569,205.59415636674106,185.49042530089284,172.26663775535718
215.0,Ensemble_rcp85,96.25964267380951,243.65722051808032,205.41545653504465,206.3089556935268,174.50038565156254
216.0,NONE,47.4724396669,118.59152852636907,97.09457471494264,105.33507367598946,90.19763536711001
216.0,Ensemble_rcp45,47.4724396669,119.93508813958323,119.93508813958323,119.93508813958323,103.09580765396589
216.0,Ensemble_rcp85,47.4724396669,109.27618187475093,109.27618187475093,74.97062641734962,65.74485040661243
217.0,NONE,15.766886386638749,32.2155840764835,27.187225715339245,33.9201123344985,25.823603108927244
217.0,Ensemble_rcp45,15.766886386638749,41.16435743106225,26.761093650835495,32.726942553887994,22.670225831599495
217.0,Ensemble_rcp85,15.766886386638749,41.846168734268254,27.442904954041495,34.77237646350599,23.011131483202497
218.0,NONE,74.962313497,80.99478369557515,80.46250691334794,77.00270782887101,69.99439686287931
218.0,Ensemble_rcp45,74.962313497,127.56900214045683,127.56900214045683,128.01256612564617,93.76942646902842
218.0,Ensemble_rcp85,74.962313497,54.1148061931006,49.94530473232072,54.20351899013847,72.83320636809114
219.0,NONE,5.6372279688,9.320216908416002,8.418260433408001,9.696032106336002,7.892119156320001
219.0,Ensemble_rcp45,5.6372279688,11.424782016768,11.349618977184,11.499945056352,4.88559757296
219.0,Ensemble_rcp85,5.6372279688,4.88559757296,4.88559757296,4.88559757296,6.8398366021440005
220.0,NONE,12.91760715329091,30.874889404122587,29.31817229130968,29.31817229130968,28.193876598722582
220.0,Ensemble_rcp45,12.91760715329091,33.98832362974839,27.069580906135485,30.615436551987102,27.761455178496774
220.0,Ensemble_rcp85,12.91760715329091,34.074807913793556,30.874889404122584,31.393795108393554,28.62629801894839
221.0,NONE,40.5211754649,63.23084523094286,51.92053911216857,58.59985374924,49.96127348529427
221.0,Ensemble_rcp45,40.5211754649,50.05033101378855,54.414149910008575,42.124210977797134,35.80112645470285
221.0,Ensemble_rcp85,40.5211754649,52.900171925605704,51.56430899819142,39.986830293934275,35.088666226748565
222.0,NONE,25.92451593544,68.74466467018402,64.09613077831202,65.16886936874403,64.18552566084801
222.0,Ensemble_rcp45,25.92451593544,65.88402842903203,56.318775997680014,55.87180158500002,57.39151458811201
222.0,Ensemble_rcp85,25.92451593544,66.59918748932002,56.22938111514402,58.91122759122402,57.838489000792
223.0,NONE,40.7317744882,92.35487128520131,85.89091576859568,85.71382109690785,83.76577970834174
223.0,Ensemble_rcp45,40.7317744882,63.13425045671001,73.75993075797956,81.64064364808782,40.28903780898044
223.0,Ensemble_rcp85,40.7317744882,40.28903780898044,40.28903780898044,40.28903780898044,40.28903780898044
224.0,NONE,27.164397007849995,70.2769238719216,61.338960985467736,62.74099437942128,57.045233716484994
224.0,Ensemble_rcp45,27.164397007849995,68.17387378099127,62.56574020517709,67.12234873552612,60.11218176575838
224.0,Ensemble_rcp85,27.164397007849995,68.96251756509014,62.56574020517709,64.7564173832295,64.05540068625274
225.0,NONE,69.4813155635,162.27544095422698,121.77514780339737,121.95799337066974,120.4952288324908
225.0,Ensemble_rcp45,69.4813155635,156.24153723423882,131.5573856524691,154.32165877787895,130.9174261670158
225.0,Ensemble_rcp85,69.4813155635,156.60722836878355,135.21429699791645,162.09259538695463,136.95132988700396
226.0,NONE,38.553484581999996,85.54337873135528,85.27123648724705,78.37696630317176,84.99909424313881
226.0,Ensemble_rcp45,38.553484581999996,89.08122790476233,89.71622647434822,58.78272472737883,36.37634662913412
226.0,Ensemble_rcp85,38.553484581999996,65.31413858597645,64.58842593502115,64.9512822604988,63.953427365435275
227.0,NONE,61.4708057755,153.721883640046,143.13275213419345,136.85106395275548,132.72309743352483
227.0,Ensemble_rcp45,61.4708057755,129.7617301479898,136.40237193979564,91.98186265677008,73.58549012541606
227.0,Ensemble_rcp85,61.4708057755,124.73637960283942,131.46675979723724,111.45509601922774,73.31627491764013
228.0,NONE,12.65004324515,27.492760652792665,25.215752868665664,26.396423571546336,27.239759787889664
228.0,Ensemble_rcp45,12.65004324515,28.757764977307666,27.745761517695666,23.360413192710332,26.227756328277664
228.0,Ensemble_rcp85,12.65004324515,32.131109842681,30.107102923457,21.926741624926667,29.179433085479335
229.0,NONE,26.83209900702118,69.92844082718896,60.45304234111999,66.04352744790069,60.16878038653792
229.0,Ensemble_rcp45,26.83209900702118,69.73893285746759,57.705176780159995,53.1569855068469,59.789764447095166
229.0,Ensemble_rcp85,26.83209900702118,71.06548864551723,58.84222459848827,55.52583512836413,47.6612543849269
230.0,NONE,131.22863260250003,312.89548113725346,287.8102799390885,295.4876013022279,287.8102799390885
230.0,Ensemble_rcp45,131.22863260250003,326.911056183915,249.33440194475006,219.071472385398,207.28767680476534
230.0,Ensemble_rcp85,131.22863260250003,341.1944447665,231.92652210972452,223.71357367473814,220.05345535045078
231.0,NONE,12.511250186939998,26.370513862035146,26.28626301902545,26.28626301902545,26.28626301902545
231.0,Ensemble_rcp45,12.511250186939998,35.80660827912121,34.37434394795636,32.689327087762415,34.37434394795636
231.0,Ensemble_rcp85,12.511250186939998,36.0593608081503,34.711347319995156,15.83915848582303,34.37434394795636
232.0,NONE,143.15576020999998,26.366029253867083,35.698335140974685,27.72510292674683,26.003609607765817
232.0,Ensemble_rcp45,143.15576020999998,51.73540448095569,51.37298483485443,51.73540448095569,32.16474359148734
232.0,Ensemble_rcp85,143.15576020999998,47.9299981968924,47.9299981968924,47.9299981968924,45.39306067418354
233.0,NONE,29.9533463843,15.024218186410796,12.646968473371112,13.5027783700654,12.7420584618927
233.0,Ensemble_rcp45,29.9533463843,20.53943752066286,21.014887463270796,21.014887463270796,11.220618645547303
233.0,Ensemble_rcp85,29.9533463843,15.024218186410794,12.742058461892698,10.079538783288253,13.02732842745746
234.0,NONE,36.84904818802667,13.728663245376817,14.087582545909545,13.728663245376818,13.728663245376818
234.0,Ensemble_rcp45,36.84904818802667,14.805421146974998,14.715691321841815,14.715691321841815,10.677849190848635
234.0,Ensemble_rcp85,36.84904818802667,8.255143912252727,8.075684261986362,6.8194667101218185,6.729736884988637
235.0,NONE,17.61357833385,1.2051395702107894,1.2051395702107894,1.2051395702107894,1.2051395702107894
235.0,Ensemble_rcp45,17.61357833385,1.2051395702107894,1.2051395702107894,1.2051395702107894,1.1124365263484208
235.0,Ensemble_rcp85,17.61357833385,1.1124365263484208,1.1124365263484208,0.46351521931184214,1.1124365263484208
236.0,NONE,1448.6904858240625,483.6672012868569,336.38239082464304,399.1463130945591,329.30913852888926
236.0,Ensemble_rcp45,1448.6904858240625,621.5508536344613,575.5299462924688,622.9834110614495,378.28469556404485
236.0,Ensemble_rcp85,1448.6904858240625,389.74515497994963,390.5509685326304,289.46613509078276,402.81724150121613
237.0,NONE,7.3886654719500005,6.780187138965881,6.606336186684705,6.780187138965881,6.780187138965881
237.0,Ensemble_rcp45,7.3886654719500005,6.780187138965881,6.693261662825293,6.693261662825293,6.345559758262941
237.0,Ensemble_rcp85,7.3886654719500005,6.780187138965881,4.43319928317,6.780187138965881,6.432485234403529
238.0,NONE,24.332069678699998,16.802900947932454,21.21021922935736,16.343805293617358,15.701071377576225
238.0,Ensemble_rcp45,24.332069678699998,32.22851493291962,32.22851493291962,32.22851493291962,20.200208789864153
238.0,Ensemble_rcp85,24.332069678699998,29.749398399618112,29.749398399618112,29.10666448357698,23.413878370069813
239.0,NONE,4.528654164275,0.8151577495694999,0.8151577495694999,0.8151577495694999,0.8151577495694999
239.0,Ensemble_rcp45,4.528654164275,1.1774500827115,1.1774500827115,1.1774500827115,1.1774500827115
239.0,Ensemble_rcp85,4.528654164275,1.086876999426,1.086876999426,1.086876999426,0.4528654164275
240.0,NONE,177.78704224350003,11.612419468056455,10.262138134561521,9.541988090030888,9.541988090030888
240.0,Ensemble_rcp45,177.78704224350003,11.702438223622785,11.702438223622785,11.702438223622785,11.342363201357468
240.0,Ensemble_rcp85,177.78704224350003,7.651594223137975,5.761200356245064,5.761200356245064,5.581162845112406
241.0,NONE,66.28704084475999,6.664729650152499,5.493898765666249,6.2144100791962495,5.133643108901249
241.0,Ensemble_rcp45,66.28704084475999,6.664729650152499,6.48460182177,6.2144100791962495,5.854154422431249
241.0,Ensemble_rcp85,66.28704084475999,6.664729650152499,6.48460182177,6.484601821769999,5.133643108901249
242.0,NONE,17.853212126549998,3.135198227101463,3.8319089442351215,3.135198227101463,3.7448201045934146
242.0,Ensemble_rcp45,17.853212126549998,3.135198227101463,3.657731264951707,3.7448201045934146,3.657731264951707
242.0,Ensemble_rcp85,17.853212126549998,3.135198227101463,2.9610205478180482,3.048109387459756,3.657731264951707
243.0,NONE,8.29394255875,9.254293802394736,9.254293802394736,9.254293802394736,9.254293802394736
243.0,Ensemble_rcp45,8.29394255875,9.9527310705,9.9527310705,8.643161192802634,6.897068022539474
243.0,Ensemble_rcp85,8.29394255875,9.9527310705,9.9527310705,9.690817094960526,9.079684485368421
244.0,NONE,440.51448735424805,959.2702950313185,928.5622193295901,889.5522510689642,885.6244739443246
244.0,Ensemble_rcp45,440.51448735424805,970.9643587433138,965.608299027896,968.7326671952231,753.597601959277
244.0,Ensemble_rcp85,440.51448735424805,886.3386152397134,886.5171505635607,540.4264252856507,418.3082637741261
245.0,NONE,8.48320806865,2.9691228240275,2.6297945012815,2.9691228240275,2.9691228240275
245.0,Ensemble_rcp45,8.48320806865,2.6297945012815,2.6297945012815,2.6297945012815,1.2724812102975003
245.0,Ensemble_rcp85,8.48320806865,2.6297945012815,2.6297945012815,2.6297945012815,1.866305775103
246.0,NONE,21.30487207025,3.905893212879166,3.817122912586458,3.817122912586458,3.817122912586458
246.0,Ensemble_rcp45,21.30487207025,4.26097441405,3.905893212879166,4.083433813464583,2.751879309073958
246.0,Ensemble_rcp85,21.30487207025,4.26097441405,3.905893212879166,4.083433813464583,3.905893212879166
247.0,NONE,16.69845567385,9.933440298290257,7.87824575381641,7.535713329737436,6.936281587599231
247.0,Ensemble_rcp45,16.69845567385,14.471994917336666,14.471994917336666,14.471994917336666,12.502433478882562
247.0,Ensemble_rcp85,16.69845567385,10.961037570527179,10.361605828388974,10.361605828388974,10.361605828388974
248.0,NONE,162.94429124250001,3.420929871389503,3.420929871389503,3.420929871389503,3.420929871389503
248.0,Ensemble_rcp45,162.94429124250001,3.060831990190608,3.060831990190608,2.700734108991713,2.700734108991713
248.0,Ensemble_rcp85,162.94429124250001,2.700734108991713,2.700734108991713,2.700734108991713,2.700734108991713
249.0,NONE,0.0,0.0,0.0,0.0,0.0
249.0,Ensemble_rcp45,0.0,0.0,0.0,0.0,0.0
249.0,Ensemble_rcp85,0.0,0.0,0.0,0.0,0.0
250.0,NONE,29.9761849599,8.948114913402986,6.442642737650149,7.516416527258507,5.010944351505671
250.0,Ensemble_rcp45,29.9761849599,9.306039509939104,9.306039509939104,9.306039509939104,7.5164165272585075
250.0,Ensemble_rcp85,29.9761849599,8.590190316866865,8.590190316866865,7.963822272928656,4.2950951584334325
251.0,NONE,5.1718672977899995,1.2450791642827777,1.2450791642827777,1.2450791642827777,0.861977882965
251.0,Ensemble_rcp45,5.1718672977899995,1.2450791642827777,1.2450791642827777,1.2450791642827777,1.2450791642827777
251.0,Ensemble_rcp85,5.1718672977899995,0.47887660164722223,0.47887660164722223,0.47887660164722223,0.47887660164722223
252.0,NONE,0.0,0.0,0.0,0.0,0.0
252.0,Ensemble_rcp45,0.0,0.0,0.0,0.0,0.0
252.0,Ensemble_rcp85,0.0,0.0,0.0,0.0,0.0
253.0,NONE,9.3636290715,1.1593064564714286,1.1593064564714286,1.1593064564714286,1.1593064564714286
253.0,Ensemble_rcp45,9.3636290715,1.1593064564714286,1.1593064564714286,1.1593064564714286,1.1593064564714286
253.0,Ensemble_rcp85,9.3636290715,1.0701290367428573,1.0701290367428573,1.0701290367428573,1.0701290367428573
254.0,NONE,3.7353627194700003,6.474628713748,6.142596472017334,6.142596472017334,6.142596472017334
254.0,Ensemble_rcp45,3.7353627194700003,5.810564230286667,5.810564230286667,5.727556169854,5.1464997468253335
254.0,Ensemble_rcp85,3.7353627194700003,4.814467505094666,4.814467505094666,4.233411082066,2.4902418129800004
255.0,NONE,35.65919998565,24.41283691325269,16.000923070483974,16.36665845495218,15.635187686015769
255.0,Ensemble_rcp45,35.65919998565,24.961439989955,23.681366144316282,24.961439989955,11.337796918514357
255.0,Ensemble_rcp85,35.65919998565,11.063495380163204,10.8806276879291,9.600553842290383,9.600553842290383
256.0,NONE,89.589786589,113.50981827926502,96.56278475701085,91.6198999796867,84.64690181167587
256.0,Ensemble_rcp45,89.589786589,150.31665671041085,149.43399871446013,150.31665671041085,77.93870104245023
256.0,Ensemble_rcp85,89.589786589,125.1609038258148,137.78291316791035,88.00100219628871,121.71853764160687
257.0,NONE,19.85724998865,3.4419233313659996,3.08890555379,3.4419233313659996,3.08890555379
257.0,Ensemble_rcp45,19.85724998865,3.4419233313659996,3.4419233313659996,3.177159998184,1.588579999092
257.0,Ensemble_rcp85,19.85724998865,1.32381666591,1.32381666591,1.32381666591,1.32381666591
258.0,NONE,6.10166253375,1.22033250675,1.22033250675,1.22033250675,1.22033250675
258.0,Ensemble_rcp45,6.10166253375,1.22033250675,1.22033250675,1.22033250675,0.8448455815961537
258.0,Ensemble_rcp85,6.10166253375,1.1264607754615383,1.1264607754615383,1.1264607754615383,0.4693586564423077
259.0,NONE,0.0,0.0,0.0,0.0,0.0
259.0,Ensemble_rcp45,0.0,0.0,0.0,0.0,0.0
259.0,Ensemble_rcp85,0.0,0.0,0.0,0.0,0.0
260.0,NONE,23.898030441899998,4.6894248414294335,4.6894248414294335,4.6894248414294335,4.6894248414294335
260.0,Ensemble_rcp45,23.898030441899998,4.6894248414294335,4.6894248414294335,4.6894248414294335,4.328699853627169
260.0,Ensemble_rcp85,23.898030441899998,4.6894248414294335,4.6894248414294335,4.6894248414294335,4.6894248414294335
261.0,NONE,11.535278784800001,23.808815411827197,21.040348503475197,19.7483972795776,19.379268358464
261.0,Ensemble_rcp45,11.535278784800001,26.392717859622397,25.839024477951998,26.392717859622397,14.119181232595201
261.0,Ensemble_rcp85,11.535278784800001,16.610801450112,15.318850226214398,14.0268990023168,15.687979147328
262.0,NONE,8.345692486399999,10.394180642152728,7.9663428279272726,9.332001598429091,7.435253306065455
262.0,Ensemble_rcp45,8.345692486399999,13.80832756840727,12.97375831976727,13.80832756840727,9.407871530123636
262.0,Ensemble_rcp85,8.345692486399999,11.683969480959998,11.683969480959998,5.310895218618182,10.69766036893091
263.0,NONE,51.21998830032857,26.12950567687686,17.240086219795042,19.75426546018182,17.240086219795042
263.0,Ensemble_rcp45,51.21998830032857,32.6843301250281,32.6843301250281,32.6843301250281,16.162580831057852
263.0,Ensemble_rcp85,51.21998830032857,23.88470278367438,23.88470278367438,12.570896201933886,18.946136418628925
264.0,NONE,285.9783083126182,740.8223265422544,632.1994545643676,625.0296280311738,618.7560298146292
264.0,Ensemble_rcp45,285.9783083126182,727.020410465856,591.1521976618326,679.9684238417714,569.4634723989212
264.0,Ensemble_rcp85,285.9783083126182,721.9119090609555,630.317375099404,635.2466308409748,580.1285893670471
265.0,NONE,66.634847824,115.44037150049729,132.7294130980757,125.25550449078918,119.13230225831352
265.0,Ensemble_rcp45,66.634847824,165.41650736849732,167.84777884315676,172.07999215089728,139.3928978804757
265.0,Ensemble_rcp85,66.634847824,148.12746577091892,148.12746577091892,115.35032440884325,143.8952524631784
266.0,NONE,146.2294891710343,208.2269565861521,164.8056423982509,160.72101979570803,148.555948131613
266.0,Ensemble_rcp45,146.2294891710343,256.1768740942639,245.96531758790678,256.26567023779745,169.68943029259563
266.0,Ensemble_rcp85,146.2294891710343,209.38130645208815,205.2966838495453,187.80384357343783,141.62984893599693
267.0,NONE,38.48751915695,2.2119263883304603,1.5925869995979312,1.5925869995979312,1.5925869995979312
267.0,Ensemble_rcp45,38.48751915695,2.3004034438636785,2.2119263883304603,2.3004034438636785,1.946495221730805
267.0,Ensemble_rcp85,38.48751915695,2.1234493327972417,2.1234493327972417,2.1234493327972417,1.8580181661975863
268.0,NONE,44.0552226332,102.85367818721345,95.70015688835721,88.37215946026059,85.23158913393345
268.0,Ensemble_rcp45,44.0552226332,100.6727265717085,112.10091303695444,114.54357884631997,109.1348188398677
268.0,Ensemble_rcp85,44.0552226332,64.20721556046574,64.20721556046574,48.94055425193109,61.76454975110019
269.0,NONE,22.87274383865,8.725528205114628,7.031250883733147,6.777109285525926,6.777109285525926
269.0,Ensemble_rcp45,22.87274383865,13.215363106775555,13.215363106775555,13.215363106775555,7.115964749802222
269.0,Ensemble_rcp85,22.87274383865,9.233811401529074,9.233811401529074,11.012802588979628,10.335091660427036
270.0,NONE,3.3664213605115996,8.5990110839155,8.2330957186425,4.5739420659125,5.39725163777675
270.0,Ensemble_rcp45,3.3664213605115996,7.04387078150525,9.42232065577975,4.756899748549,4.66542090723075
270.0,Ensemble_rcp85,3.3664213605115996,4.390984383276001,4.299505541957751,4.390984383276001,3.65915365273
271.0,NONE,16.191649254949997,0.8995360697194443,1.6191649254949998,1.6191649254949998,1.6191649254949998
271.0,Ensemble_rcp45,16.191649254949997,0.8995360697194443,0.8995360697194443,0.8995360697194443,0.8995360697194443
271.0,Ensemble_rcp85,16.191649254949997,0.8995360697194443,0.8995360697194443,0.8995360697194443,0.8995360697194443
272.0,NONE,1.77452422093,0.8517716260463999,0.8517716260463999,0.8517716260463999,0.6388287195348
272.0,Ensemble_rcp45,1.77452422093,0.9227525948836,0.9227525948836,0.8517716260463999,0.9227525948836
272.0,Ensemble_rcp85,1.77452422093,0.354904844186,0.8517716260463999,0.8517716260463999,0.354904844186
273.0,NONE,15.883034932245788,32.4492111519,26.044761582446053,25.873976260593945,20.92120192688289
273.0,Ensemble_rcp45,15.883034932245788,38.170519433945515,33.986279048568946,29.545860680414208,21.604343214291312
273.0,Ensemble_rcp85,15.883034932245788,37.658163468389205,33.64470840486474,28.777326732079732,21.348165231513153
274.0,NONE,9.069734140197143,16.30960963807381,13.206805853269525,14.718428209969048,12.172537925001429
274.0,Ensemble_rcp45,9.069734140197143,16.30960963807381,13.127246781864287,17.18475942353143,11.615624425164764
274.0,Ensemble_rcp85,9.069734140197143,16.30960963807381,13.206805853269525,16.230050566668574,11.376947210949048
275.0,NONE,92.75555516500526,177.6979066638609,146.50106718970682,157.57949029842635,139.4108764001263
275.0,Ensemble_rcp45,92.75555516500526,181.0657472889116,135.51127146585708,138.70185732116826,125.4963769755746
275.0,Ensemble_rcp85,92.75555516500526,171.49398972297797,124.61010312687705,131.87754868619703,120.71049819260776
276.0,NONE,11.101607678437142,19.710546688950775,16.96399510114616,20.276013192322313,15.833062094403083
276.0,Ensemble_rcp45,11.101607678437142,21.245384340959237,15.186814661978463,19.387422972738467,13.49041515186385
276.0,Ensemble_rcp85,11.101607678437142,21.083822482853083,15.91384302345616,18.98351832747308,13.894319797129235
277.0,NONE,77.1378037115,199.3989931779353,184.06060908732493,184.5064923457729,184.50649234577284
277.0,Ensemble_rcp45,77.1378037115,200.55828964990002,200.55828964990002,200.55828964990002,169.34646155854162
277.0,Ensemble_rcp85,77.1378037115,185.2199055592896,185.2199055592896,182.00954609846417,137.06451364690807
278.0,NONE,9.9475823085,9.169075866965217,7.785064415347826,8.044566562526086,6.660555110908696
278.0,Ensemble_rcp45,9.9475823085,10.553087318582607,14.359118810530433,7.785064415347826,5.622546522195652
278.0,Ensemble_rcp85,9.9475823085,7.09305868953913,8.044566562526086,5.622546522195652,5.622546522195652
279.0,NONE,10.1515886392,9.597865622516364,8.859568266938183,8.859568266938183,6.275527522414545
279.0,Ensemble_rcp45,10.1515886392,8.951855436385454,9.321004114174546,6.367814691861819,4.152922625127273
279.0,Ensemble_rcp85,10.1515886392,9.321004114174546,8.76728109749091,8.951855436385456,4.891219980705454
280.0,NONE,7.0880049135,3.3077356263,1.4176009827,2.9297086975799997,1.4176009827
280.0,Ensemble_rcp45,7.0880049135,1.4176009827,1.4176009827,1.4176009827,1.4176009827
280.0,Ensemble_rcp85,7.0880049135,1.4176009827,1.4176009827,1.4176009827,1.4176009827
281.0,NONE,9.7364817468,2.452150958453333,2.1636626104,2.1636626104,2.1636626104
281.0,Ensemble_rcp45,9.7364817468,2.1636626104,2.1636626104,2.1636626104,2.1636626104
281.0,Ensemble_rcp85,9.7364817468,2.1636626104,2.1636626104,2.1636626104,2.1636626104
282.0,NONE,43.026996071949995,18.931878271657997,12.37538363212276,10.736259972238953,10.080610508285426
282.0,Ensemble_rcp45,43.026996071949995,8.441486848401617,11.637777985175047,7.785837384448094,7.785837384448094
282.0,Ensemble_rcp85,43.026996071949995,8.441486848401617,11.719734168169238,7.785837384448094,7.785837384448094
283.0,NONE,171.1378209404684,344.0172518098624,329.83557096003926,337.4169726722089,331.6194301864321
283.0,Ensemble_rcp45,171.1378209404684,450.8704194707947,417.6906378598875,211.2981253662339,308.2508743206857
283.0,Ensemble_rcp85,171.1378209404684,451.67315612267134,418.2257956278054,225.74738510001606,196.93805859377144
284.0,NONE,70.8434476325,164.338749221379,144.7552738885733,154.41164190981848,151.07252399592994
284.0,Ensemble_rcp45,70.8434476325,152.24572758729624,138.2575309210064,118.13257700757008,126.34500214713378
284.0,Ensemble_rcp85,70.8434476325,161.2703705978058,136.63309517911472,116.14715554525797,118.49356272799051
285.0,NONE,87.9122604685,177.77812672518894,157.9756680540016,156.73246437060862,153.53565489902684
285.0,Ensemble_rcp45,87.9122604685,217.47184433066315,217.47184433066315,217.47184433066315,200.7773948679581
285.0,Ensemble_rcp85,87.9122604685,200.1557930262616,200.1557930262616,85.7810541541121,83.9162486290227
286.0,NONE,116.13750239676857,235.17760307904103,248.64472946596536,254.79080056872277,227.31424740345435
286.0,Ensemble_rcp45,116.13750239676857,259.21958709865095,220.7162593078471,229.12191537485356,232.82763471622204
286.0,Ensemble_rcp85,116.13750239676857,268.8906107456369,218.3662909450281,203.5434135795543,239.33523941325927
287.0,NONE,99.36867125482962,237.88307160580703,217.50821452722283,227.12232457729067,211.95143532397262
287.0,Ensemble_rcp45,99.36867125482962,230.73864120162816,225.97568759884223,187.43104455407487,160.88198836076825
287.0,Ensemble_rcp85,99.36867125482962,240.35275125169602,222.9767908859771,199.51483425003167,166.52697040851453
288.0,NONE,76.1670760285,198.03439767409995,171.97241021374575,172.33948045966625,171.60533996782527
288.0,Ensemble_rcp45,76.1670760285,186.0128471202042,123.33560262928192,175.09250730406987,126.7310024040464
288.0,Ensemble_rcp85,76.1670760285,186.56345248908494,125.99686191220543,164.539237733856,120.9496460307988
289.0,NONE,101.8097326666552,245.62690168082017,203.0659994806193,228.0434781023473,217.67376676119667
289.0,Ensemble_rcp45,101.8097326666552,261.58724000589547,233.18324807143938,191.61423130387035,182.86760521611717
289.0,Ensemble_rcp85,101.8097326666552,259.87398334953144,228.9451921320126,201.7134284361214,167.7188095177406
290.0,NONE,113.88955186743749,222.8863127554334,248.9811979791216,257.979434263152,236.65361427
290.0,Ensemble_rcp45,113.88955186743749,240.2529087836121,204.8898401873726,241.42267950053608,200.3907220453574
290.0,Ensemble_rcp85,113.88955186743749,240.70282059781366,218.38719461341822,233.41424920774904,205.06980491305322
291.0,NONE,46.3886094306,128.59943476239823,98.88145296095577,99.0599393381416,101.73723499592921
291.0,Ensemble_rcp45,46.3886094306,128.77792113958404,111.82171530692919,112.44641762707963,105.84242167120354
291.0,Ensemble_rcp85,46.3886094306,129.75959621410618,113.42809270160174,112.44641762707964,105.84242167120352
292.0,NONE,30.990761136504997,64.70001009200166,64.51877757073557,65.51555643769916,64.51877757073557
292.0,Ensemble_rcp45,30.990761136504997,78.65491422949222,69.5026719055536,60.259813320981934,53.37297751286971
292.0,Ensemble_rcp85,30.990761136504997,78.65491422949222,70.4994507725172,66.51233530466277,54.0072913373011
293.0,NONE,14.756246825232001,34.630162586175594,33.816398974490006,34.26848986987089,33.90681715356618
293.0,Ensemble_rcp45,14.756246825232001,38.97023518183206,33.18347172095677,28.843399125300298,24.50332652964383
293.0,Ensemble_rcp85,14.756246825232001,38.97023518183206,33.816398974490006,34.17807169079471,25.7691810367103
294.0,NONE,55.154168946000006,138.3786710303708,109.32184056125851,108.06629850395123,97.48387259236095
294.0,Ensemble_rcp45,55.154168946000006,122.41535058746344,121.51853483224392,90.93711757925854,78.20233385514146
294.0,Ensemble_rcp85,55.154168946000006,136.22631321784397,135.15013431158053,120.17331119941463,88.87444134225365
295.0,NONE,72.35827804772632,181.1906337526625,168.20397075418987,178.4331916091512,159.66479508396128
295.0,Ensemble_rcp45,72.35827804772632,180.92378451296784,156.8184031938851,163.13383519999164,142.23064475724468
295.0,Ensemble_rcp85,72.35827804772632,184.3928246289982,157.2631519267095,168.0260712610601,144.3654386748018
296.0,NONE,52.67724611236486,122.0656298790551,120.29142014244096,125.34791789179133,120.20270965561025
296.0,Ensemble_rcp45,52.67724611236486,128.45278493086613,113.72684411696851,102.63803326312996,84.18625200234254
296.0,Ensemble_rcp85,52.67724611236486,131.64636245677164,117.98494748484251,104.58966397340552,91.46051192246065
297.0,NONE,46.664238172,120.7556204124408,114.85116578659591,116.08919659524081,114.08930067358368
297.0,Ensemble_rcp45,46.664238172,103.23272281315917,96.37593679604896,97.9949001612,95.23313912653063
297.0,Ensemble_rcp85,46.664238172,103.80412164791838,95.42360540478367,97.9949001612,86.66215660514284
298.0,NONE,35.10892235575,91.28319812494999,68.61794445225063,82.83928009002278,68.61794445225063
298.0,Ensemble_rcp45,35.10892235575,85.15024713116075,74.12871201188734,76.88409579170569,59.640726330906965
298.0,Ensemble_rcp85,35.10892235575,90.48324799532531,76.61744574849747,76.88409579170569,59.907376374115195
299.0,NONE,25.45043540435,57.7461603312493,52.04175239579154,50.286549954112225,47.8292665357612
299.0,Ensemble_rcp45,25.45043540435,54.41127569205861,57.4828799649974,53.79695483747086,41.59829786779966
299.0,Ensemble_rcp85,25.45043540435,55.2011167908143,57.65840020916533,53.88471495955481,45.98630397199792
300.0,NONE,17.1537159604,44.17081859803,42.283909842386,39.71085244832601,38.42432375129601
300.0,Ensemble_rcp45,17.1537159604,44.59966149704001,43.14159564040601,43.65620711921801,41.34045546456401
300.0,Ensemble_rcp85,17.1537159604,43.91351285862401,42.45544700199001,43.22736422020801,32.763597484364
301.0,NONE,15.62705159695,40.63033415207,34.65528501205971,40.262638820377056,34.65528501205971
301.0,Ensemble_rcp45,15.62705159695,29.59947420128177,25.37097788681294,29.507550368358533,24.359815724657352
301.0,Ensemble_rcp85,15.62705159695,29.59947420128177,28.036769041586762,26.198292383122062,24.359815724657352
302.0,NONE,32.388168081,79.00888326238311,70.70656412049297,73.26112385645918,67.60459872681973
302.0,Ensemble_rcp45,32.388168081,73.26112385645918,61.76560504461129,51.36489754817748,45.525903865969035
302.0,Ensemble_rcp85,32.388168081,67.2396616216817,53.00711452129862,45.52590386596903,40.05184728889861
